,Entrevistador:,Data de Preenchimento:,Número do formulário:,Sexo do responsável:,Idade do responsável:,Estado Cívil do responsável:,Trabalho do responsável:,Sexo da criança:,Idade da criança:,Quantos televisores em cores você possui?,Quantos rádio você possui?,Quantos banheiro tem a casa?,Quantos automóveis você possui?,Possui empregada mensalista?,Quantas máquina de lavar você possui?,Quantos videocassete e/ou DVD você possui?,Quantas geladeira você possui?,Quantos freezer (aparelho independente ou parte da geladeira duplex) você possui?,Grau de Instrução do chefe de família (entre parênteses nomenclatura atual) – escolha apenas uma alternativa:
1,Diego Silva,26/01/15 09:50 AM,1,Masculino,28,Casado(a),Emprego informal (PJ ou sem carteira),Masculino,5,1,1,1,1,1,1,1,1,1,Analfabeto / Primário incompleto (Analfabeto ou até 3a. Série do Fundamental)
2,Jacqueline Maximiano Conceicao,30/01/15 10:14 AM,1,Feminino,31,Solteiro(a),Desempregado(a),Feminino,0,1,1,1,1,0,1,1,1,0,Colegial completo / Superior incompleto (Médio completo)
3,Jacqueline Maximiano Conceicao,30/01/15 10:40 AM,2,Feminino,37,Casado(a),Empregado formal (CLT ou estatutário)(a),Feminino,0,1,0,1,1,0,1,1,1,0,Superior completo (Superior completo)
4,Jacqueline Maximiano Conceicao,30/01/15 10:54 AM,3,Feminino,25,Amaziado(a)/União estável,Desempregado(a),Masculino,0,1,1,1,1,0,1,1,1,0,Colegial completo / Superior incompleto (Médio completo)
5,Jacqueline Maximiano Conceicao,30/01/15 11:11 AM,4,Feminino,34,Casado(a),Do lar,Feminino,0,1,1,2,1,0,1,1,1,1,Colegial completo / Superior incompleto (Médio completo)
6,Jacqueline Maximiano Conceicao,30/01/15 11:34 AM,5,Feminino,33,Casado(a),Empregado formal (CLT ou estatutário)(a),Masculino,10,1,1,1,1,0,1,1,1,0,Colegial completo / Superior incompleto (Médio completo)
7,Jacqueline Maximiano Conceicao,30/01/15 11:47 AM,6,Masculino,37,Separado(a)/Divorciado(a),Empregado formal (CLT ou estatutário)(a),Feminino,8,1,1,1,0,0,1,1,1,0,Colegial completo / Superior incompleto (Médio completo)
8,Jacqueline Maximiano Conceicao,30/01/15 12:06 PM,7,Feminino,54,Casado(a),Do lar,Masculino,2,1,1,1,1,0,1,1,1,0,Colegial completo / Superior incompleto (Médio completo)
9,Jacqueline Maximiano Conceicao,30/01/15 12:27 PM,8,Feminino,29,Casado(a),Desempregado(a),Masculino,0,1,0,1,1,0,1,1,1,0,Colegial completo / Superior incompleto (Médio completo)
10,Jacqueline Maximiano Conceicao,30/01/15 12:47 PM,9,Feminino,29,Casado(a),Desempregado(a),Feminino,8,1,0,1,1,0,1,1,1,0,Colegial completo / Superior incompleto (Médio completo)
11,Jacqueline Maximiano Conceicao,30/01/15 12:53 PM,10,Feminino,35,Casado(a),Empregado formal (CLT ou estatutário)(a),Feminino,0,1,1,1,1,0,1,1,1,0,Superior completo (Superior completo)
12,Anna Carolina Alves,03/02/15 10:21 AM,01,Feminino,24,Solteiro(a),Do lar,Feminino,2,1,1,1,0,0,1,1,1,0,Primário completo / Ginasial incompleto (Até 4a. Série do Fundamental)
13,Anna Carolina Alves,03/02/15 10:43 AM,02,Feminino,28,Casado(a),Desempregado(a),Masculino,2,2,1,2,0,0,1,1,1,0,Colegial completo / Superior incompleto (Médio completo)
14,Anna Carolina Alves,03/02/15 11:01 AM,03,Feminino,35,Casado(a),Emprego informal (PJ ou sem carteira),Feminino,8,2,1,1,1,0,1,0,1,0,Colegial completo / Superior incompleto (Médio completo)
15,Anna Carolina Alves,03/02/15 11:45 AM,04,Masculino,34,Amaziado(a)/União estável,Empregado formal (CLT ou estatutário)(a),Feminino,1,1,1,1,1,0,1,1,1,0,Colegial completo / Superior incompleto (Médio completo)
16,Caio Morcelli,03/02/15 01:42 PM,1,Feminino,25,Amaziado(a)/União estável,Emprego informal (PJ ou sem carteira),Masculino,3,1,1,1,1,0,1,1,1,0,Primário completo / Ginasial incompleto (Até 4a. Série do Fundamental)
17,Angelica Manfroi,03/02/15 02:27 PM,001,Feminino,19,Casado(a),Do lar,Feminino,4,4 ou +,0,2,2,0,1,3,2,0,Ginasial completo / Colegial incompleto (Fundamental completo)
18,Caio Morcelli,03/02/15 02:37 PM,02,Feminino,21,Solteiro(a),Desempregado(a),Masculino,2,1,0,1,1,0,1,1,1,0,Ginasial completo / Colegial incompleto (Fundamental completo)
19,Angelica Manfroi,03/02/15 02:41 PM,002,Feminino,29,Amaziado(a)/União estável,Do lar,Masculino,4,1,2,1,1,0,1,1,1,0,Primário completo / Ginasial incompleto (Até 4a. Série do Fundamental)
20,Angelica Manfroi,03/02/15 03:04 PM,003,Feminino,30,Solteiro(a),Do lar,Feminino,5,1,1,1,0,0,0,0,1,0,Primário completo / Ginasial incompleto (Até 4a. Série do Fundamental)
21,Caio Morcelli,03/02/15 03:41 PM,03,Feminino,24,Amaziado(a)/União estável,Desempregado(a),Masculino,4,1,0,1,1,0,1,1,1,0,Primário completo / Ginasial incompleto (Até 4a. Série do Fundamental)
22,Caio Morcelli,03/02/15 03:58 PM,04,Feminino,31,Solteiro(a),Empregado formal (CLT ou estatutário)(a),Feminino,0,2,1,1,0,0,2,2,1,0,Ginasial completo / Colegial incompleto (Fundamental completo)
23,Angelica Manfroi,03/02/15 03:59 PM,004,Feminino,32,Solteiro(a),Empregado formal (CLT ou estatutário)(a),Feminino,11,1,0,1,0,0,1,1,1,0,Colegial completo / Superior incompleto (Médio completo)
24,Caio Morcelli,03/02/15 04:15 PM,05,Feminino,25,Casado(a),Desempregado(a),Masculino,0,2,0,1,0,0,1,0,1,0,Colegial completo / Superior incompleto (Médio completo)
25,Jacqueline Maximiano Conceicao,04/02/15 10:50 AM,11,Feminino,71,Casado(a),Aposentado(a),Masculino,4,1,1,1,1,0,1,1,1,0,Colegial completo / Superior incompleto (Médio completo)
26,Jacqueline Maximiano Conceicao,04/02/15 11:33 AM,12,Feminino,29,Casado(a),Empregado formal (CLT ou estatutário)(a),Masculino,1,1,1,1,0,0,1,1,1,0,Ginasial completo / Colegial incompleto (Fundamental completo)
27,Anna Carolina Alves,04/02/15 11:47 AM,05,Feminino,24,Amaziado(a)/União estável,Empregado formal (CLT ou estatutário)(a),Masculino,3,2,0,1,1,0,1,1,1,0,Ginasial completo / Colegial incompleto (Fundamental completo)
28,Anna Carolina Alves,04/02/15 12:11 PM,06,Feminino,30,Amaziado(a)/União estável,Do lar,Feminino,1,1,1,1,0,0,0,1,1,0,Colegial completo / Superior incompleto (Médio completo)
29,Anna Carolina Alves,04/02/15 12:33 PM,07,Feminino,34,Casado(a),Empregado formal (CLT ou estatutário)(a),Feminino,1,2,1,1,1,0,1,1,1,0,Superior completo (Superior completo)
30,Anna Carolina Alves,04/02/15 12:56 PM,08,Feminino,26,Amaziado(a)/União estável,Empregado formal (CLT ou estatutário)(a),Feminino,2,2,1,1,1,0,1,1,1,0,Colegial completo / Superior incompleto (Médio completo)
31,Anna Carolina Alves,04/02/15 01:07 PM,09,Feminino,30,Casado(a),Do lar,Feminino,2,2,1,1,1,0,1,1,1,0,Colegial completo / Superior incompleto (Médio completo)
32,Anna Carolina Alves,04/02/15 01:18 PM,10,Feminino,22,Casado(a),Empregado formal (CLT ou estatutário)(a),Feminino,1,4 ou +,1,2,2,0,2,2,3,1,Ginasial completo / Colegial incompleto (Fundamental completo)
33,Angelica Manfroi,05/02/15 09:32 AM,005,Feminino,33,Casado(a),Empregado formal (CLT ou estatutário)(a),Feminino,3,2,0,1,0,0,2,1,1,0,Ginasial completo / Colegial incompleto (Fundamental completo)
34,Angelica Manfroi,05/02/15 09:50 AM,006,Feminino,31,Amaziado(a)/União estável,Emprego informal (PJ ou sem carteira),Masculino,0,0,0,1,0,0,0,0,1,0,Analfabeto / Primário incompleto (Analfabeto ou até 3a. Série do Fundamental)
35,Angelica Manfroi,05/02/15 10:19 AM,007,Feminino,27,Amaziado(a)/União estável,Emprego informal (PJ ou sem carteira),Masculino,4,1,1,1,0,0,0,1,1,1,Colegial completo / Superior incompleto (Médio completo)
36,Angelica Manfroi,06/02/15 09:30 AM,008,Feminino,23,Solteiro(a),Empregado formal (CLT ou estatutário)(a),Masculino,1,2,1,2,0,0,1,1,1,1,Colegial completo / Superior incompleto (Médio completo)
37,Angelica Manfroi,06/02/15 09:47 AM,009,Feminino,19,Solteiro(a),Do lar,Feminino,0,2,0,1,1,0,1,1,1,0,Colegial completo / Superior incompleto (Médio completo)
38,Angelica Manfroi,06/02/15 10:11 AM,010,Feminino,26,Casado(a),Do lar,Feminino,10,1,1,1,0,0,0,0,1,0,Ginasial completo / Colegial incompleto (Fundamental completo)
39,Angelica Manfroi,06/02/15 10:27 AM,011,Feminino,27,Casado(a),Emprego informal (PJ ou sem carteira),Masculino,0,1,1,1,0,0,1,1,1,1,Analfabeto / Primário incompleto (Analfabeto ou até 3a. Série do Fundamental)
40,Anna Carolina Alves,06/02/15 01:09 PM,11,Feminino,44,Solteiro(a),Emprego informal (PJ ou sem carteira),Masculino,12,1,1,1,0,0,1,1,1,0,Primário completo / Ginasial incompleto (Até 4a. Série do Fundamental)
41,Anna Carolina Alves,06/02/15 01:28 PM,12,Feminino,25,Casado(a),Do lar,Feminino,1,1,0,1,1,0,1,1,1,0,Colegial completo / Superior incompleto (Médio completo)
42,Anna Carolina Alves,06/02/15 01:52 PM,13,Feminino,28,Amaziado(a)/União estável,Do lar,Feminino,8,3,1,1,1,0,1,0,1,0,Colegial completo / Superior incompleto (Médio completo)
43,Anna Carolina Alves,06/02/15 02:08 PM,14,Feminino,29,Amaziado(a)/União estável,Do lar,Feminino,9,3,1,1,1,0,1,2,1,1,Superior completo (Superior completo)
44,Caio Morcelli,06/02/15 03:08 PM,06,Feminino,42,Casado(a),Do lar,Feminino,11,2,0,2,2,0,1,1,1,1,Colegial completo / Superior incompleto (Médio completo)
45,Caio Morcelli,06/02/15 03:27 PM,07,Feminino,38,Casado(a),Do lar,Feminino,4,2,0,1,1,0,0,0,1,0,Colegial completo / Superior incompleto (Médio completo)
46,Caio Morcelli,06/02/15 03:45 PM,08,Feminino,31,Solteiro(a),Do lar,Feminino,12,2,2,1,2,0,2,2,1,1,Primário completo / Ginasial incompleto (Até 4a. Série do Fundamental)
47,Caio Morcelli,06/02/15 04:24 PM,09,Feminino,18,Solteiro(a),Desempregado(a),Feminino,2,1,1,1,0,0,1,1,1,0,Colegial completo / Superior incompleto (Médio completo)
48,Anna Carolina Alves,09/02/15 12:42 PM,15,Feminino,26,Amaziado(a)/União estável,Empregado formal (CLT ou estatutário)(a),Feminino,4,1,0,1,1,0,1,1,1,0,Ginasial completo / Colegial incompleto (Fundamental completo)
49,Anna Carolina Alves,09/02/15 12:55 PM,16,Feminino,34,Solteiro(a),Do lar,Feminino,4,2,0,1,0,0,1,2,1,0,Primário completo / Ginasial incompleto (Até 4a. Série do Fundamental)
50,Anna Carolina Alves,09/02/15 01:07 PM,17,Feminino,40,Amaziado(a)/União estável,Do lar,Masculino,10,2,1,1,1,0,1,1,1,0,Primário completo / Ginasial incompleto (Até 4a. Série do Fundamental)
51,Anna Carolina Alves,09/02/15 01:20 PM,18,Feminino,26,Solteiro(a),Empregado formal (CLT ou estatutário)(a),Masculino,2,1,1,1,0,0,1,1,1,0,Primário completo / Ginasial incompleto (Até 4a. Série do Fundamental)
52,Caio Morcelli,09/02/15 01:25 PM,10,Feminino,25,Solteiro(a),Desempregado(a),Masculino,4,2,1,1,2,0,1,1,1,0,Primário completo / Ginasial incompleto (Até 4a. Série do Fundamental)
53,Caio Morcelli,09/02/15 01:40 PM,11,Feminino,31,Casado(a),Emprego informal (PJ ou sem carteira),Masculino,2,1,1,2,1,0,1,1,1,0,Primário completo / Ginasial incompleto (Até 4a. Série do Fundamental)
54,Caio Morcelli,09/02/15 01:57 PM,12,Feminino,21,Solteiro(a),Emprego informal (PJ ou sem carteira),Feminino,5,1,1,1,1,0,1,1,1,0,Colegial completo / Superior incompleto (Médio completo)
55,Caio Morcelli,09/02/15 02:32 PM,13,Feminino,24,Amaziado(a)/União estável,Empregado formal (CLT ou estatutário)(a),Feminino,0,2,1,1,1,0,1,1,1,0,Ginasial completo / Colegial incompleto (Fundamental completo)
56,Caio Morcelli,09/02/15 02:53 PM,14,Feminino,31,Casado(a),Empregado formal (CLT ou estatutário)(a),Masculino,2,2,1,1,1,0,1,2,1,0,Colegial completo / Superior incompleto (Médio completo)
57,Angelica Manfroi,10/02/15 09:17 AM,012,Feminino,41,Amaziado(a)/União estável,Emprego informal (PJ ou sem carteira),Feminino,0,3,0,1,0,0,1,1,1,0,Ginasial completo / Colegial incompleto (Fundamental completo)
58,Angelica Manfroi,10/02/15 10:01 AM,013,Feminino,42,Viúvo(a),Emprego informal (PJ ou sem carteira),Masculino,11,2,1,1,0,0,1,1,1,0,Ginasial completo / Colegial incompleto (Fundamental completo)
59,Angelica Manfroi,10/02/15 10:17 AM,014,Feminino,31,Casado(a),Empregado formal (CLT ou estatutário)(a),Masculino,5,1,0,1,0,0,0,0,1,0,Primário completo / Ginasial incompleto (Até 4a. Série do Fundamental)
60,Angelica Manfroi,10/02/15 10:37 AM,015,Feminino,46,Solteiro(a),Desempregado(a),Masculino,10,1,1,1,0,0,0,1,1,0,Analfabeto / Primário incompleto (Analfabeto ou até 3a. Série do Fundamental)
61,Jacqueline Maximiano Conceicao,10/02/15 10:42 AM,13,Feminino,27,Amaziado(a)/União estável,Desempregado(a),Feminino,2,1,1,1,0,0,0,1,1,0,Analfabeto / Primário incompleto (Analfabeto ou até 3a. Série do Fundamental)
62,Jacqueline Maximiano Conceicao,10/02/15 10:50 AM,14,Feminino,27,Amaziado(a)/União estável,Desempregado(a),Masculino,6,1,1,1,0,0,0,1,1,0,Analfabeto / Primário incompleto (Analfabeto ou até 3a. Série do Fundamental)
63,Jacqueline Maximiano Conceicao,10/02/15 10:58 AM,15,Feminino,25,Amaziado(a)/União estável,Desempregado(a),Masculino,0,1,1,1,0,0,1,1,1,0,Ginasial completo / Colegial incompleto (Fundamental completo)
64,Jacqueline Maximiano Conceicao,10/02/15 11:14 AM,16,Feminino,29,Amaziado(a)/União estável,Empregado formal (CLT ou estatutário)(a),Masculino,7,1,1,1,0,0,0,1,1,0,Ginasial completo / Colegial incompleto (Fundamental completo)
65,Caio Morcelli,11/02/15 10:02 AM,15,Feminino,22,Solteiro(a),Do lar,Masculino,3,2,0,1,0,0,1,1,1,0,Ginasial completo / Colegial incompleto (Fundamental completo)
66,Caio Morcelli,11/02/15 10:27 AM,16,Masculino,33,Amaziado(a)/União estável,Emprego informal (PJ ou sem carteira),Feminino,0,4 ou +,3,1,0,0,2,1,2,1,Colegial completo / Superior incompleto (Médio completo)
67,Caio Morcelli,11/02/15 10:47 AM,17,Feminino,18,Solteiro(a),Desempregado(a),Masculino,1,1,1,1,1,0,1,1,1,0,Ginasial completo / Colegial incompleto (Fundamental completo)
68,Jacqueline Maximiano Conceicao,11/02/15 11:00 AM,17,Feminino,36,Solteiro(a),Emprego informal (PJ ou sem carteira),Masculino,0,1,2,2,1,0,1,1,1,1,Primário completo / Ginasial incompleto (Até 4a. Série do Fundamental)
69,Caio Morcelli,11/02/15 11:09 AM,18,Feminino,31,Amaziado(a)/União estável,Empregado formal (CLT ou estatutário)(a),Feminino,6,1,1,1,0,0,0,1,1,0,Colegial completo / Superior incompleto (Médio completo)
70,Jacqueline Maximiano Conceicao,11/02/15 11:23 AM,18,Feminino,36,Solteiro(a),Emprego informal (PJ ou sem carteira),Feminino,5,1,2,2,1,0,1,1,1,1,Primário completo / Ginasial incompleto (Até 4a. Série do Fundamental)
71,Jacqueline Maximiano Conceicao,11/02/15 11:30 AM,19,Feminino,34,Solteiro(a),Empregado formal (CLT ou estatutário)(a),Feminino,5,1,1,1,0,0,1,1,1,0,Colegial completo / Superior incompleto (Médio completo)
72,Jacqueline Maximiano Conceicao,11/02/15 11:43 AM,20,Masculino,34,Casado(a),Empregado formal (CLT ou estatutário)(a),Feminino,5,1,1,2,1,0,1,1,1,1,Colegial completo / Superior incompleto (Médio completo)
73,Caio Morcelli,11/02/15 02:30 PM,19,Feminino,39,Casado(a),Do lar,Masculino,8,3,1,1,0,0,1,3,1,0,Primário completo / Ginasial incompleto (Até 4a. Série do Fundamental)
74,Caio Morcelli,11/02/15 02:43 PM,20,Feminino,31,Solteiro(a),Desempregado(a),Feminino,0,1,0,1,0,0,1,0,1,0,Colegial completo / Superior incompleto (Médio completo)
75,Caio Morcelli,11/02/15 03:06 PM,21,Feminino,36,Casado(a),Do lar,Feminino,7,2,0,1,0,0,1,1,1,0,Colegial completo / Superior incompleto (Médio completo)
76,Caio Morcelli,11/02/15 03:26 PM,22,Masculino,40,Casado(a),Empregado formal (CLT ou estatutário)(a),Masculino,2,2,1,2,0,0,1,1,1,0,Colegial completo / Superior incompleto (Médio completo)
77,Caio Morcelli,11/02/15 03:44 PM,23,Feminino,28,Casado(a),Do lar,Masculino,2,2,1,1,0,0,1,1,1,0,Ginasial completo / Colegial incompleto (Fundamental completo)
78,Jacqueline Maximiano Conceicao,12/02/15 10:34 AM,21,Feminino,16,Solteiro(a),Desempregado(a),Masculino,1,1,1,1,0,0,1,0,1,1,Primário completo / Ginasial incompleto (Até 4a. Série do Fundamental)
79,Jacqueline Maximiano Conceicao,12/02/15 10:47 AM,22,Feminino,26,Casado(a),Empregado formal (CLT ou estatutário)(a),Feminino,9,2,1,1,1,0,0,1,1,0,Primário completo / Ginasial incompleto (Até 4a. Série do Fundamental)
80,Jacqueline Maximiano Conceicao,12/02/15 10:55 AM,23,Feminino,36,Casado(a),Empregado formal (CLT ou estatutário)(a),Feminino,0,1,1,1,0,0,1,1,1,1,Superior completo (Superior completo)
81,Jacqueline Maximiano Conceicao,12/02/15 11:06 AM,24,Feminino,34,Solteiro(a),Empregado formal (CLT ou estatutário)(a),Feminino,10,1,1,1,0,0,1,0,1,1,Ginasial completo / Colegial incompleto (Fundamental completo)
82,Jacqueline Maximiano Conceicao,13/02/15 10:07 AM,25,Feminino,23,Solteiro(a),Desempregado(a),Feminino,0,2,0,1,0,0,0,1,1,0,Colegial completo / Superior incompleto (Médio completo)
83,Jacqueline Maximiano Conceicao,13/02/15 10:22 AM,26,Feminino,51,Separado(a)/Divorciado(a),Empregado formal (CLT ou estatutário)(a),Feminino,6,2,0,1,1,0,0,1,1,0,Colegial completo / Superior incompleto (Médio completo)
84,Jacqueline Maximiano Conceicao,13/02/15 10:36 AM,27,Feminino,32,Solteiro(a),Empregado formal (CLT ou estatutário)(a),Masculino,2,1,1,1,0,0,1,0,1,0,Colegial completo / Superior incompleto (Médio completo)
85,Jacqueline Maximiano Conceicao,13/02/15 10:49 AM,28,Feminino,29,Amaziado(a)/União estável,Empregado formal (CLT ou estatutário)(a),Masculino,10,1,1,1,1,0,1,0,1,1,Ginasial completo / Colegial incompleto (Fundamental completo)
86,Jacqueline Maximiano Conceicao,13/02/15 11:02 AM,29,Feminino,34,Casado(a),Do lar,Feminino,8,1,0,1,1,0,1,1,1,0,Colegial completo / Superior incompleto (Médio completo)
87,Anna Carolina Alves,19/02/15 11:56 AM,19,Feminino,27,Amaziado(a)/União estável,Do lar,Masculino,4,1,1,1,0,0,1,0,1,0,Ginasial completo / Colegial incompleto (Fundamental completo)
88,Anna Carolina Alves,19/02/15 12:08 PM,20,Feminino,37,Amaziado(a)/União estável,Do lar,Feminino,4,1,0,2,0,0,1,0,1,1,Ginasial completo / Colegial incompleto (Fundamental completo)
89,Anna Carolina Alves,19/02/15 12:32 PM,21,Feminino,19,Amaziado(a)/União estável,Do lar,Masculino,1,1,0,1,0,0,1,0,1,0,Ginasial completo / Colegial incompleto (Fundamental completo)
90,Anna Carolina Alves,19/02/15 12:50 PM,22,Feminino,24,Amaziado(a)/União estável,Do lar,Feminino,1,2,0,1,0,0,0,0,1,0,Ginasial completo / Colegial incompleto (Fundamental completo)
91,Anna Carolina Alves,19/02/15 01:05 PM,23,Feminino,39,Amaziado(a)/União estável,Desempregado(a),Feminino,1,2,1,1,1,0,1,1,1,0,Colegial completo / Superior incompleto (Médio completo)
92,Caio Morcelli,20/02/15 02:25 PM,24,Feminino,33,Casado(a),Do lar,Feminino,0,2,1,1,0,0,0,1,1,0,Primário completo / Ginasial incompleto (Até 4a. Série do Fundamental)
93,Caio Morcelli,20/02/15 02:50 PM,25,Feminino,33,Casado(a),Emprego informal (PJ ou sem carteira),Feminino,12,3,1,2,1,0,1,3,1,1,Colegial completo / Superior incompleto (Médio completo)
94,Caio Morcelli,20/02/15 03:19 PM,26,Masculino,42,Amaziado(a)/União estável,Emprego informal (PJ ou sem carteira),Feminino,5,1,1,1,0,0,1,1,1,0,Primário completo / Ginasial incompleto (Até 4a. Série do Fundamental)
95,Caio Morcelli,20/02/15 03:32 PM,27,Feminino,26,Solteiro(a),Empregado formal (CLT ou estatutário)(a),Feminino,4,2,2,1,1,0,1,4 ou +,1,0,Colegial completo / Superior incompleto (Médio completo)
96,Caio Morcelli,20/02/15 04:14 PM,28,Feminino,29,Solteiro(a),Empregado formal (CLT ou estatutário)(a),Feminino,4,1,1,1,0,0,1,1,1,0,Colegial completo / Superior incompleto (Médio completo)
97,Caio Morcelli,20/02/15 04:34 PM,29,Feminino,31,Solteiro(a),Desempregado(a),Feminino,2,1,0,2,1,0,1,1,1,0,Colegial completo / Superior incompleto (Médio completo)
98,Anna Carolina Alves,23/02/15 10:13 AM,24,Feminino,33,Amaziado(a)/União estável,Do lar,Feminino,21,1,1,1,1,0,1,1,1,0,Colegial completo / Superior incompleto (Médio completo)
99,Anna Carolina Alves,23/02/15 10:32 AM,25,Feminino,39,Casado(a),Emprego informal (PJ ou sem carteira),Masculino,5,3,2,1,1,0,1,1,1,0,Colegial completo / Superior incompleto (Médio completo)
100,Anna Carolina Alves,23/02/15 10:50 AM,26,Feminino,18,Solteiro(a),Empregado formal (CLT ou estatutário)(a),Feminino,1,2,1,1,1,0,1,1,1,0,Colegial completo / Superior incompleto (Médio completo)
101,Anna Carolina Alves,23/02/15 11:16 AM,27,Feminino,30,Casado(a),Do lar,Feminino,2,1,1,1,0,0,0,1,1,0,Colegial completo / Superior incompleto (Médio completo)
102,Anna Carolina Alves,24/02/15 10:39 AM,28,Feminino,32,Casado(a),Do lar,Masculino,1,2,1,1,1,0,1,2,1,0,Superior completo (Superior completo)
103,Anna Carolina Alves,24/02/15 10:59 AM,29,Feminino,30,Casado(a),Do lar,Masculino,6,2,1,1,1,0,1,1,1,0,Superior completo (Superior completo)
104,Anna Carolina Alves,24/02/15 11:15 AM,30,Feminino,36,Casado(a),Do lar,Feminino,1,2,0,1,1,1,1,1,1,0,Colegial completo / Superior incompleto (Médio completo)
105,Anna Carolina Alves,24/02/15 11:48 AM,31,Feminino,27,Solteiro(a),Empregado formal (CLT ou estatutário)(a),Masculino,1,3,0,2,1,0,1,2,1,0,Colegial completo / Superior incompleto (Médio completo)
106,Caio Morcelli,24/02/15 01:58 PM,30,Feminino,22,Solteiro(a),Do lar,Masculino,1,1,1,1,0,0,1,1,1,0,Ginasial completo / Colegial incompleto (Fundamental completo)
107,Angelica Manfroi,24/02/15 02:00 PM,016,Feminino,30,Solteiro(a),Emprego informal (PJ ou sem carteira),Feminino,6,1,0,1,0,0,0,0,1,0,Ginasial completo / Colegial incompleto (Fundamental completo)
108,Caio Morcelli,24/02/15 02:14 PM,31,Feminino,19,Solteiro(a),Desempregado(a),Masculino,2,2,4 ou +,1,1,0,1,2,1,0,Colegial completo / Superior incompleto (Médio completo)
109,Caio Morcelli,24/02/15 02:27 PM,32,Feminino,24,Amaziado(a)/União estável,Empregado formal (CLT ou estatutário)(a),Feminino,0,1,1,1,1,0,1,0,1,0,Colegial completo / Superior incompleto (Médio completo)
110,Caio Morcelli,24/02/15 02:44 PM,33,Feminino,26,Amaziado(a)/União estável,Desempregado(a),Masculino,2,2,1,1,1,0,1,1,1,0,Ginasial completo / Colegial incompleto (Fundamental completo)
111,Angelica Manfroi,24/02/15 02:52 PM,017,Feminino,41,Viúvo(a),Empregado formal (CLT ou estatutário)(a),Feminino,2,2,0,1,0,0,0,0,1,0,Analfabeto / Primário incompleto (Analfabeto ou até 3a. Série do Fundamental)
112,Angelica Manfroi,24/02/15 03:05 PM,018,Feminino,26,Casado(a),Empregado formal (CLT ou estatutário)(a),Feminino,0,1,0,1,0,0,1,1,1,1,Ginasial completo / Colegial incompleto (Fundamental completo)
113,Angelica Manfroi,24/02/15 03:22 PM,019,Feminino,22,Amaziado(a)/União estável,Empregado formal (CLT ou estatutário)(a),Feminino,2,1,0,1,0,0,1,1,1,0,Ginasial completo / Colegial incompleto (Fundamental completo)
114,Caio Morcelli,24/02/15 03:26 PM,34,Feminino,28,Casado(a),Desempregado(a),Feminino,0,1,1,1,1,0,2,1,1,0,Colegial completo / Superior incompleto (Médio completo)
115,Angelica Manfroi,24/02/15 03:32 PM,020,Feminino,32,Amaziado(a)/União estável,Empregado formal (CLT ou estatutário)(a),Feminino,4,3,2,2,0,0,2,1,1,0,Ginasial completo / Colegial incompleto (Fundamental completo)
116,Angelica Manfroi,26/02/15 09:03 AM,021,Feminino,27,Casado(a),Do lar,Feminino,9,2,1,1,0,0,1,1,1,0,Primário completo / Ginasial incompleto (Até 4a. Série do Fundamental)
117,Angelica Manfroi,26/02/15 09:19 AM,022,Feminino,22,Solteiro(a),Empregado formal (CLT ou estatutário)(a),Feminino,0,1,0,1,0,0,1,1,1,0,Ginasial completo / Colegial incompleto (Fundamental completo)
118,Angelica Manfroi,26/02/15 09:33 AM,023,Feminino,38,Separado(a)/Divorciado(a),Desempregado(a),Feminino,2,2,1,1,0,0,1,1,1,0,Colegial completo / Superior incompleto (Médio completo)
119,Angelica Manfroi,26/02/15 09:49 AM,024,Feminino,34,Casado(a),Do lar,Feminino,1,1,0,1,0,0,0,1,1,0,Colegial completo / Superior incompleto (Médio completo)
120,Angelica Manfroi,26/02/15 10:03 AM,025,Feminino,28,Casado(a),Do lar,Masculino,1,2,0,1,1,0,1,1,1,0,Colegial completo / Superior incompleto (Médio completo)
121,Angelica Manfroi,26/02/15 10:18 AM,026,Feminino,24,Solteiro(a),Do lar,Masculino,3,1,1,1,0,0,1,0,1,0,Ginasial completo / Colegial incompleto (Fundamental completo)
122,Angelica Manfroi,26/02/15 10:33 AM,027,Feminino,24,Solteiro(a),Empregado formal (CLT ou estatutário)(a),Feminino,0,2,1,1,0,0,1,1,1,1,Ginasial completo / Colegial incompleto (Fundamental completo)
123,Anna Carolina Alves,26/02/15 10:39 AM,32,Feminino,30,Casado(a),Empregado formal (CLT ou estatutário)(a),Masculino,10,2,1,1,1,0,1,0,1,0,Primário completo / Ginasial incompleto (Até 4a. Série do Fundamental)
124,Angelica Manfroi,26/02/15 10:50 AM,028,Feminino,59,Solteiro(a),Emprego informal (PJ ou sem carteira),Feminino,2,3,2,1,0,0,1,1,1,1,Primário completo / Ginasial incompleto (Até 4a. Série do Fundamental)
125,Anna Carolina Alves,26/02/15 10:51 AM,33,Masculino,34,Casado(a),Empregado formal (CLT ou estatutário)(a),Feminino,2,2,0,1,0,0,1,0,1,0,Colegial completo / Superior incompleto (Médio completo)
126,Anna Carolina Alves,26/02/15 11:07 AM,34,Feminino,21,Solteiro(a),Empregado formal (CLT ou estatutário)(a),Masculino,2,2,2,1,2,0,2,2,1,0,Primário completo / Ginasial incompleto (Até 4a. Série do Fundamental)
127,Anna Carolina Alves,26/02/15 11:47 AM,35,Feminino,29,Amaziado(a)/União estável,Emprego informal (PJ ou sem carteira),Masculino,10,3,1,1,1,0,1,1,1,1,Colegial completo / Superior incompleto (Médio completo)
128,Angelica Manfroi,26/02/15 02:07 PM,029,Feminino,32,Solteiro(a),Emprego informal (PJ ou sem carteira),Masculino,3,2,0,1,0,0,1,1,1,0,Colegial completo / Superior incompleto (Médio completo)
129,Angelica Manfroi,26/02/15 02:26 PM,030,Feminino,26,Amaziado(a)/União estável,Do lar,Feminino,0,2,1,1,0,0,0,1,1,1,Colegial completo / Superior incompleto (Médio completo)
130,Angelica Manfroi,26/02/15 02:39 PM,031,Feminino,22,Amaziado(a)/União estável,Empregado formal (CLT ou estatutário)(a),Feminino,2,1,0,1,0,0,1,0,1,0,Ginasial completo / Colegial incompleto (Fundamental completo)
131,Angelica Manfroi,26/02/15 03:06 PM,032,Feminino,25,Casado(a),Emprego informal (PJ ou sem carteira),Masculino,1,1,0,1,0,0,1,0,1,0,Ginasial completo / Colegial incompleto (Fundamental completo)
132,Angelica Manfroi,26/02/15 03:30 PM,033,Feminino,22,Casado(a),Do lar,Feminino,0,2,2,1,1,0,1,1,1,0,Ginasial completo / Colegial incompleto (Fundamental completo)
133,Anna Carolina Alves,02/03/15 11:06 AM,36,Feminino,64,Separado(a)/Divorciado(a),Emprego informal (PJ ou sem carteira),Masculino,10,3,0,1,0,0,1,1,1,0,Ginasial completo / Colegial incompleto (Fundamental completo)
134,Anna Carolina Alves,02/03/15 11:21 AM,37,Feminino,26,Separado(a)/Divorciado(a),Do lar,Feminino,8,1,1,1,0,0,1,0,1,0,Primário completo / Ginasial incompleto (Até 4a. Série do Fundamental)
135,Anna Carolina Alves,02/03/15 11:40 AM,38,Feminino,32,Solteiro(a),Desempregado(a),Feminino,8,3,1,1,0,0,1,0,1,1,Colegial completo / Superior incompleto (Médio completo)
136,Anna Carolina Alves,02/03/15 11:51 AM,39,Feminino,19,Amaziado(a)/União estável,Do lar,Feminino,3,1,1,1,0,0,0,1,1,0,Colegial completo / Superior incompleto (Médio completo)
137,Anna Carolina Alves,02/03/15 12:11 PM,40,Feminino,33,Amaziado(a)/União estável,Empregado formal (CLT ou estatutário)(a),Feminino,1,1,0,1,0,0,1,0,1,0,Colegial completo / Superior incompleto (Médio completo)
138,Caio Morcelli,03/03/15 01:37 PM,35,Feminino,42,Solteiro(a),Do lar,Feminino,0,1,0,1,0,0,1,1,1,0,Ginasial completo / Colegial incompleto (Fundamental completo)
139,Caio Morcelli,03/03/15 01:54 PM,36,Feminino,24,Amaziado(a)/União estável,Desempregado(a),Masculino,1,1,1,1,0,0,1,1,1,0,Ginasial completo / Colegial incompleto (Fundamental completo)
140,Angelica Manfroi,03/03/15 01:56 PM,034,Feminino,33,Casado(a),Do lar,Feminino,4,2,1,1,0,0,1,1,1,0,Primário completo / Ginasial incompleto (Até 4a. Série do Fundamental)
141,Caio Morcelli,03/03/15 02:09 PM,37,Feminino,54,Casado(a),Do lar,Feminino,8,2,1,2,0,0,1,1,1,0,Ginasial completo / Colegial incompleto (Fundamental completo)
142,Angelica Manfroi,03/03/15 02:12 PM,035,Feminino,37,Solteiro(a),Desempregado(a),Feminino,4,1,0,1,0,0,0,1,1,0,Primário completo / Ginasial incompleto (Até 4a. Série do Fundamental)
143,Angelica Manfroi,03/03/15 02:31 PM,036,Feminino,21,Solteiro(a),Emprego informal (PJ ou sem carteira),Feminino,0,1,0,1,0,0,0,1,1,0,Ginasial completo / Colegial incompleto (Fundamental completo)
144,Angelica Manfroi,03/03/15 02:43 PM,037,Feminino,21,Solteiro(a),Desempregado(a),Masculino,0,1,0,2,0,0,1,1,1,0,Colegial completo / Superior incompleto (Médio completo)
145,Angelica Manfroi,03/03/15 02:57 PM,038,Feminino,23,Casado(a),Do lar,Masculino,1,1,0,1,0,0,1,1,1,0,Colegial completo / Superior incompleto (Médio completo)
146,Angelica Manfroi,03/03/15 03:13 PM,039,Feminino,23,Solteiro(a),Do lar,Masculino,3,1,1,1,0,0,1,0,1,0,Ginasial completo / Colegial incompleto (Fundamental completo)
147,Caio Morcelli,03/03/15 03:19 PM,38,Feminino,24,Amaziado(a)/União estável,Desempregado(a),Feminino,1,1,1,1,1,0,1,0,1,1,Ginasial completo / Colegial incompleto (Fundamental completo)
148,Angelica Manfroi,03/03/15 03:26 PM,040,Feminino,30,Solteiro(a),Do lar,Masculino,5,3,1,1,0,0,1,3,1,1,Colegial completo / Superior incompleto (Médio completo)
149,Caio Morcelli,03/03/15 03:34 PM,39,Feminino,38,Amaziado(a)/União estável,Empregado formal (CLT ou estatutário)(a),Masculino,5,2,0,1,0,0,1,0,1,0,Colegial completo / Superior incompleto (Médio completo)
150,Caio Morcelli,04/03/15 10:12 AM,40,Masculino,27,Casado(a),Empregado formal (CLT ou estatutário)(a),Masculino,5,2,0,1,1,0,1,1,1,0,Primário completo / Ginasial incompleto (Até 4a. Série do Fundamental)
151,Caio Morcelli,04/03/15 10:45 AM,41,Feminino,18,Solteiro(a),Desempregado(a),Feminino,0,3,2,2,0,0,1,1,3,0,Colegial completo / Superior incompleto (Médio completo)
152,Anna Carolina Alves,04/03/15 11:49 AM,41,Feminino,38,Casado(a),Empregado formal (CLT ou estatutário)(a),Feminino,2,3,1,1,1,0,1,1,1,0,Colegial completo / Superior incompleto (Médio completo)
153,Anna Carolina Alves,04/03/15 12:23 PM,42,Feminino,37,Amaziado(a)/União estável,Empregado formal (CLT ou estatutário)(a),Masculino,2,1,0,1,0,0,1,1,1,0,Colegial completo / Superior incompleto (Médio completo)
154,Anna Carolina Alves,04/03/15 12:36 PM,43,Feminino,28,Amaziado(a)/União estável,Desempregado(a),Masculino,1,1,0,1,0,0,1,1,1,0,Colegial completo / Superior incompleto (Médio completo)
155,Anna Carolina Alves,04/03/15 12:47 PM,44,Feminino,28,Solteiro(a),Desempregado(a),Feminino,5,2,1,1,1,0,1,1,1,0,Primário completo / Ginasial incompleto (Até 4a. Série do Fundamental)
156,Anna Carolina Alves,04/03/15 01:01 PM,45,Feminino,34,Casado(a),Empregado formal (CLT ou estatutário)(a),Masculino,1,2,1,1,1,0,1,1,1,0,Superior completo (Superior completo)
157,Anna Carolina Alves,04/03/15 01:13 PM,46,Feminino,44,Amaziado(a)/União estável,Do lar,Feminino,2,2,0,1,0,0,1,1,1,0,Ginasial completo / Colegial incompleto (Fundamental completo)
158,Anna Carolina Alves,04/03/15 01:31 PM,47,Feminino,31,Solteiro(a),Desempregado(a),Feminino,1,2,2,2,0,0,1,1,1,0,Colegial completo / Superior incompleto (Médio completo)
159,Anna Carolina Alves,04/03/15 01:43 PM,48,Feminino,28,Amaziado(a)/União estável,Do lar,Feminino,6,3,1,1,0,0,1,1,1,0,Colegial completo / Superior incompleto (Médio completo)
160,Anna Carolina Alves,04/03/15 01:57 PM,49,Feminino,23,Solteiro(a),Empregado formal (CLT ou estatutário)(a),Feminino,2,1,1,1,0,0,1,1,1,0,Ginasial completo / Colegial incompleto (Fundamental completo)
161,Angelica Manfroi,05/03/15 02:08 PM,041,Feminino,34,Solteiro(a),Do lar,Masculino,5,2,0,1,1,0,1,1,1,0,Ginasial completo / Colegial incompleto (Fundamental completo)
162,Caio Morcelli,06/03/15 08:23 AM,42,Feminino,34,Solteiro(a),Desempregado(a),Masculino,4,1,1,1,0,0,0,1,1,0,Colegial completo / Superior incompleto (Médio completo)
163,Anna Carolina Alves,06/03/15 09:05 AM,50,Feminino,35,Amaziado(a)/União estável,Do lar,Feminino,2,1,1,1,1,0,1,1,1,1,Ginasial completo / Colegial incompleto (Fundamental completo)
164,Caio Morcelli,06/03/15 09:11 AM,43,Masculino,31,Casado(a),Empregado formal (CLT ou estatutário)(a),Masculino,1,1,1,1,1,0,1,1,1,0,Colegial completo / Superior incompleto (Médio completo)
165,Anna Carolina Alves,06/03/15 09:18 AM,51,Feminino,37,Amaziado(a)/União estável,Empregado formal (CLT ou estatutário)(a),Masculino,12,2,1,1,2,0,1,1,1,1,Primário completo / Ginasial incompleto (Até 4a. Série do Fundamental)
166,Caio Morcelli,06/03/15 09:26 AM,44,Feminino,32,Amaziado(a)/União estável,Do lar,Masculino,8,3,1,1,1,0,2,2,1,0,Primário completo / Ginasial incompleto (Até 4a. Série do Fundamental)
167,Anna Carolina Alves,06/03/15 09:40 AM,52,Feminino,30,Casado(a),Do lar,Masculino,1,4 ou +,2,3,0,0,1,2,2,1,Colegial completo / Superior incompleto (Médio completo)
168,Anna Carolina Alves,06/03/15 09:52 AM,53,Feminino,35,Separado(a)/Divorciado(a),Empregado formal (CLT ou estatutário)(a),Masculino,8,1,0,1,0,0,1,1,1,0,Colegial completo / Superior incompleto (Médio completo)
169,Caio Morcelli,06/03/15 10:11 AM,45,Feminino,22,Solteiro(a),Do lar,Masculino,1,2,1,1,0,0,2,1,1,0,Ginasial completo / Colegial incompleto (Fundamental completo)
170,Caio Morcelli,06/03/15 10:29 AM,46,Feminino,28,Solteiro(a),Emprego informal (PJ ou sem carteira),Masculino,1,2,0,1,0,0,1,0,1,0,Colegial completo / Superior incompleto (Médio completo)
171,Caio Morcelli,06/03/15 10:54 AM,47,Feminino,28,Casado(a),Desempregado(a),Masculino,2,2,0,1,1,0,1,1,1,0,Ginasial completo / Colegial incompleto (Fundamental completo)
172,Caio Morcelli,06/03/15 11:13 AM,48,Feminino,21,Solteiro(a),Desempregado(a),Masculino,1,3,2,1,0,0,1,2,1,0,Colegial completo / Superior incompleto (Médio completo)
173,Caio Morcelli,06/03/15 11:27 AM,49,Feminino,37,Solteiro(a),Desempregado(a),Masculino,0,2,1,1,0,0,0,1,1,0,Primário completo / Ginasial incompleto (Até 4a. Série do Fundamental)
174,Caio Morcelli,06/03/15 11:43 AM,50,Feminino,76,Viúvo(a),Aposentado(a),Masculino,7,2,1,1,0,0,1,0,1,0,Primário completo / Ginasial incompleto (Até 4a. Série do Fundamental)
175,Caio Morcelli,06/03/15 02:06 PM,51,Feminino,30,Amaziado(a)/União estável,Emprego informal (PJ ou sem carteira),Feminino,8,1,1,1,0,0,1,0,1,1,Colegial completo / Superior incompleto (Médio completo)
176,Caio Morcelli,06/03/15 02:51 PM,52,Feminino,32,Solteiro(a),Empregado formal (CLT ou estatutário)(a),Masculino,5,2,1,1,1,0,1,2,1,0,Colegial completo / Superior incompleto (Médio completo)
177,Angelica Manfroi,09/03/15 02:02 PM,042,Feminino,49,Casado(a),Do lar,Feminino,8,3,1,1,1,0,1,1,1,1,Colegial completo / Superior incompleto (Médio completo)
178,Angelica Manfroi,09/03/15 02:33 PM,043,Feminino,22,Solteiro(a),Emprego informal (PJ ou sem carteira),Masculino,1,1,0,1,0,0,0,0,1,0,Colegial completo / Superior incompleto (Médio completo)
179,Angelica Manfroi,09/03/15 02:47 PM,044,Feminino,23,Solteiro(a),Do lar,Feminino,2,3,1,1,1,0,0,0,1,0,Analfabeto / Primário incompleto (Analfabeto ou até 3a. Série do Fundamental)
180,Angelica Manfroi,09/03/15 03:00 PM,045,Feminino,32,Solteiro(a),Empregado formal (CLT ou estatutário)(a),Masculino,9,3,2,1,1,0,0,1,1,0,Primário completo / Ginasial incompleto (Até 4a. Série do Fundamental)
181,Angelica Manfroi,09/03/15 03:16 PM,046,Feminino,41,Casado(a),Do lar,Masculino,7,3,0,1,0,0,1,1,1,0,Ginasial completo / Colegial incompleto (Fundamental completo)
182,Angelica Manfroi,09/03/15 03:28 PM,047,Feminino,25,Solteiro(a),Do lar,Feminino,0,1,1,1,0,0,1,1,1,0,Colegial completo / Superior incompleto (Médio completo)
183,Angelica Manfroi,10/03/15 01:47 PM,048,Feminino,27,Solteiro(a),Do lar,Feminino,1,1,0,1,0,0,0,0,1,0,Analfabeto / Primário incompleto (Analfabeto ou até 3a. Série do Fundamental)
184,Angelica Manfroi,10/03/15 02:02 PM,049,Feminino,16,Amaziado(a)/União estável,Do lar,Masculino,0,2,0,1,0,0,1,0,1,1,Ginasial completo / Colegial incompleto (Fundamental completo)
185,Angelica Manfroi,10/03/15 02:24 PM,050,Feminino,42,Amaziado(a)/União estável,Emprego informal (PJ ou sem carteira),Masculino,0,1,0,1,1,0,1,0,1,0,Colegial completo / Superior incompleto (Médio completo)
186,Angelica Manfroi,10/03/15 02:47 PM,051,Feminino,35,Solteiro(a),Desempregado(a),Masculino,0,3,1,1,0,0,1,0,1,0,Ginasial completo / Colegial incompleto (Fundamental completo)
187,Angelica Manfroi,10/03/15 03:01 PM,052,Feminino,57,Casado(a),Emprego informal (PJ ou sem carteira),Feminino,9,2,1,1,0,0,1,1,1,1,Primário completo / Ginasial incompleto (Até 4a. Série do Fundamental)
188,Jacqueline Maximiano Conceicao,18/03/15 09:04 AM,30,Feminino,26,Solteiro(a),Emprego informal (PJ ou sem carteira),Masculino,1,1,1,1,0,0,1,0,1,0,Ginasial completo / Colegial incompleto (Fundamental completo)
189,Jacqueline Maximiano Conceicao,18/03/15 09:15 AM,31,Feminino,21,Amaziado(a)/União estável,Empregado formal (CLT ou estatutário)(a),Feminino,1,1,1,1,1,0,1,1,1,0,Colegial completo / Superior incompleto (Médio completo)
190,Jacqueline Maximiano Conceicao,18/03/15 09:36 AM,32,Feminino,27,Solteiro(a),Desempregado(a),Masculino,5,1,1,1,0,0,0,1,1,0,Colegial completo / Superior incompleto (Médio completo)
191,Jacqueline Maximiano Conceicao,18/03/15 09:53 AM,33,Feminino,29,Casado(a),Empregado formal (CLT ou estatutário)(a),Masculino,2,2,1,1,0,0,1,0,1,1,Colegial completo / Superior incompleto (Médio completo)
192,Jacqueline Maximiano Conceicao,18/03/15 10:13 AM,34,Feminino,28,Casado(a),Desempregado(a),Feminino,3,1,1,1,1,0,1,0,1,0,Colegial completo / Superior incompleto (Médio completo)
193,Jacqueline Maximiano Conceicao,18/03/15 10:24 AM,35,Feminino,24,Solteiro(a),Desempregado(a),Masculino,5,1,1,1,0,0,1,1,1,0,Ginasial completo / Colegial incompleto (Fundamental completo)
194,Jacqueline Maximiano Conceicao,18/03/15 10:38 AM,36,Feminino,24,Solteiro(a),Desempregado(a),Masculino,3,1,1,1,0,0,0,1,1,0,Ginasial completo / Colegial incompleto (Fundamental completo)
195,Jacqueline Maximiano Conceicao,20/03/15 09:51 AM,37,Feminino,54,Casado(a),Do lar,Feminino,12,1,1,1,1,0,1,1,1,0,Colegial completo / Superior incompleto (Médio completo)
196,Jacqueline Maximiano Conceicao,20/03/15 10:07 AM,38,Feminino,33,Solteiro(a),Empregado formal (CLT ou estatutário)(a),Feminino,10,1,1,1,0,0,1,1,1,0,Colegial completo / Superior incompleto (Médio completo)
197,Jacqueline Maximiano Conceicao,20/03/15 10:16 AM,39,Feminino,33,Solteiro(a),Empregado formal (CLT ou estatutário)(a),Feminino,7,1,1,1,0,0,1,1,1,0,Colegial completo / Superior incompleto (Médio completo)
198,Jacqueline Maximiano Conceicao,20/03/15 10:30 AM,40,Feminino,30,Amaziado(a)/União estável,Empregado formal (CLT ou estatutário)(a),Feminino,1,1,1,1,0,0,1,1,1,0,Colegial completo / Superior incompleto (Médio completo)
199,Jacqueline Maximiano Conceicao,20/03/15 11:01 AM,41,Feminino,32,Casado(a),Do lar,Masculino,7,1,1,1,0,0,1,1,1,0,Colegial completo / Superior incompleto (Médio completo)
200,Jacqueline Maximiano Conceicao,20/03/15 11:12 AM,42,Feminino,32,Casado(a),Do lar,Feminino,11,1,1,1,0,0,1,1,1,0,Colegial completo / Superior incompleto (Médio completo)
201,Jacqueline Maximiano Conceicao,20/03/15 11:26 AM,43,Feminino,36,Amaziado(a)/União estável,Empregado formal (CLT ou estatutário)(a),Masculino,0,2,0,2,1,0,1,1,1,0,Colegial completo / Superior incompleto (Médio completo)
202,Jacqueline Maximiano Conceicao,20/03/15 11:37 AM,44,Feminino,37,Casado(a),Do lar,Masculino,1,1,1,1,1,0,1,1,1,0,Ginasial completo / Colegial incompleto (Fundamental completo)
203,Jacqueline Maximiano Conceicao,20/03/15 11:55 AM,45,Feminino,29,Amaziado(a)/União estável,Empregado formal (CLT ou estatutário)(a),Feminino,0,1,1,1,1,0,1,1,1,1,Colegial completo / Superior incompleto (Médio completo)
204,Jacqueline Maximiano Conceicao,24/03/15 09:52 AM,46,Feminino,26,Casado(a),Desempregado(a),Masculino,11,1,1,1,0,0,1,0,1,0,Colegial completo / Superior incompleto (Médio completo)
205,Jacqueline Maximiano Conceicao,24/03/15 10:00 AM,47,Feminino,266,Casado(a),Desempregado(a),Masculino,6,1,1,1,0,0,1,0,1,0,Colegial completo / Superior incompleto (Médio completo)
206,Jacqueline Maximiano Conceicao,24/03/15 10:07 AM,48,Feminino,35,Solteiro(a),Desempregado(a),Feminino,6,1,1,1,0,0,1,1,1,0,Ginasial completo / Colegial incompleto (Fundamental completo)
207,Jacqueline Maximiano Conceicao,24/03/15 10:18 AM,49,Masculino,38,Casado(a),Empregado formal (CLT ou estatutário)(a),Feminino,2,1,1,1,1,0,1,1,1,0,Colegial completo / Superior incompleto (Médio completo)
208,Jacqueline Maximiano Conceicao,24/03/15 10:30 AM,50,Masculino,35,Casado(a),Empregado formal (CLT ou estatutário)(a),Masculino,1,1,1,1,1,0,1,1,1,0,Colegial completo / Superior incompleto (Médio completo)
209,Jacqueline Maximiano Conceicao,24/03/15 10:43 AM,51,Feminino,38,Solteiro(a),Empregado formal (CLT ou estatutário)(a),Feminino,10,1,1,1,0,0,1,0,1,0,Colegial completo / Superior incompleto (Médio completo)
210,Jacqueline Maximiano Conceicao,24/03/15 10:54 AM,52,Feminino,20,Solteiro(a),Empregado formal (CLT ou estatutário)(a),Feminino,3,1,1,1,0,0,1,0,1,0,Colegial completo / Superior incompleto (Médio completo)
211,Jacqueline Maximiano Conceicao,24/03/15 11:07 AM,53,Feminino,25,Amaziado(a)/União estável,Desempregado(a),Feminino,5,1,1,1,1,0,1,0,1,0,Ginasial completo / Colegial incompleto (Fundamental completo)
