,Entrevistador:,Data de Preenchimento:,Número do formulário:,Sexo:,Idade:,Estado Cívil:,Trabalho:,Quantos televisores em cores você possui?,Quantos rádio você possui?,Quantos banheiro tem a casa?,Quantos automóveis você possui?,Possui empregada mensalista?,Quantas máquina de lavar você possui?,Quantos videocassete e/ou DVD você possui?,Quantas geladeira você possui?,Quantos freezer (aparelho independente ou parte da geladeira duplex) você possui?,Grau de Instrução do chefe de família (entre parênteses nomenclatura atual) – escolha apenas uma alternativa:
1,Diego Silva,26/01/15 09:52 AM,1,"""Masculino""",28,"""Casado(a)""","""Emprego informal (PJ ou sem carteira)""","""1""","""1""","""1""","""1""","""1""","""1""","""1""","""1""","""1""","""Analfabeto / Primário incompleto (Analfabeto ou até 3a. Série do Fundamental)"""
2,Anna Carolina Alves,09/03/15 10:25 AM,01,"""Feminino""",25,"""Amaziado(a)/União estável""","""Empregado formal (CLT ou estatutário)(a)""","""1""","""0""","""1""","""0""","""0""","""1""","""1""","""1""","""1""","""Ginasial completo / Colegial incompleto (Fundamental completo)"""
3,Anna Carolina Alves,09/03/15 10:44 AM,02,"""Feminino""",40,"""Amaziado(a)/União estável""","""Emprego informal (PJ ou sem carteira)""","""3""","""1""","""1""","""0""","""0""","""1""","""1""","""1""","""0""","""Ginasial completo / Colegial incompleto (Fundamental completo)"""
4,Anna Carolina Alves,09/03/15 11:02 AM,03,"""Feminino""",35,""" Separado(a)/Divorciado(a)""","""Empregado formal (CLT ou estatutário)(a)""","""2""","""1""","""1""","""0""","""0""","""1""","""1""","""1""","""0""","""Superior completo (Superior completo)"""
5,Anna Carolina Alves,10/03/15 11:43 AM,04,"""Feminino""",24,"""Solteiro(a)""","""Do lar""","""3""","""2""","""2""","""1""","""0""","""2""","""3""","""1""","""1""","""Ginasial completo / Colegial incompleto (Fundamental completo)"""
6,Anna Carolina Alves,10/03/15 12:00 PM,05,"""Feminino""",31,"""Amaziado(a)/União estável""","""Empregado formal (CLT ou estatutário)(a)""","""2""","""0""","""1""","""1""","""0""","""1""","""0""","""1""","""0""","""Colegial completo / Superior incompleto (Médio completo)"""
7,Anna Carolina Alves,10/03/15 12:20 PM,06,"""Feminino""",45,"""Amaziado(a)/União estável""","""Empregado formal (CLT ou estatutário)(a)""","""1""","""0""","""1""","""0""","""0""","""0""","""0""","""1""","""0""","""Analfabeto / Primário incompleto (Analfabeto ou até 3a. Série do Fundamental)"""
8,Anna Carolina Alves,11/03/15 09:50 AM,07,"""Feminino""",20,"""Solteiro(a)""","""Do lar""","""3""","""1""","""1""","""0""","""0""","""1""","""1""","""1""","""0""","""Colegial completo / Superior incompleto (Médio completo)"""
9,Anna Carolina Alves,11/03/15 10:02 AM,08,"""Feminino""",25,"""Solteiro(a)""","""Empregado formal (CLT ou estatutário)(a)""","""4 ou +""","""1""","""2""","""1""","""0""","""1""","""2""","""1""","""1""","""Colegial completo / Superior incompleto (Médio completo)"""
10,Anna Carolina Alves,11/03/15 10:21 AM,09,"""Feminino""",52,""" Separado(a)/Divorciado(a)""","""Empregado formal (CLT ou estatutário)(a)""","""1""","""1""","""1""","""0""","""0""","""0""","""0""","""1""","""0""","""Ginasial completo / Colegial incompleto (Fundamental completo)"""
11,Anna Carolina Alves,16/03/15 10:28 AM,10,"""Feminino""",50,"""Amaziado(a)/União estável""","""Empregado formal (CLT ou estatutário)(a)""","""3""","""1""","""2""","""1""","""0""","""2""","""1""","""1""","""0""","""Ginasial completo / Colegial incompleto (Fundamental completo)"""
12,Anna Carolina Alves,16/03/15 10:40 AM,11,"""Feminino""",50,"""Casado(a)""","""Empregado formal (CLT ou estatutário)(a)""","""2""","""2""","""1""","""1""","""0""","""1""","""1""","""1""","""0""","""Colegial completo / Superior incompleto (Médio completo)"""
13,Anna Carolina Alves,16/03/15 10:55 AM,12,"""Feminino""",60,""" Separado(a)/Divorciado(a)""","""Empregado formal (CLT ou estatutário)(a)""","""1""","""1""","""1""","""1""","""0""","""1""","""1""","""1""","""0""","""Superior completo (Superior completo)"""
14,Anna Carolina Alves,16/03/15 11:42 AM,13,"""Feminino""",32,"""Solteiro(a)""","""Empregado formal (CLT ou estatutário)(a)""","""2""","""1""","""1""","""0""","""0""","""1""","""1""","""1""","""0""","""Colegial completo / Superior incompleto (Médio completo)"""
15,Angelica Manfroi,17/03/15 01:51 PM,001,"""Feminino""",49,"""Solteiro(a)""","""Do lar""","""1""","""1""","""1""","""1""","""0""","""1""","""0""","""1""","""1""","""Analfabeto / Primário incompleto (Analfabeto ou até 3a. Série do Fundamental)"""
16,Angelica Manfroi,17/03/15 02:24 PM,002,"""Feminino""",48,"""Solteiro(a)""","""Empregado formal (CLT ou estatutário)(a)""","""2""","""1""","""2""","""0""","""0""","""1""","""2""","""1""","""0""","""Colegial completo / Superior incompleto (Médio completo)"""
17,Angelica Manfroi,17/03/15 02:47 PM,003,"""Feminino""",32,"""Casado(a)""","""Empregado formal (CLT ou estatutário)(a)""","""3""","""1""","""1""","""0""","""0""","""1""","""1""","""1""","""1""","""Colegial completo / Superior incompleto (Médio completo)"""
18,Caio Morcelli,18/03/15 08:25 AM,01,"""Feminino""",53,"""Solteiro(a)""","""Empregado formal (CLT ou estatutário)(a)""","""3""","""0""","""2""","""0""","""0""","""1""","""1""","""1""","""1""","""Colegial completo / Superior incompleto (Médio completo)"""
19,Caio Morcelli,18/03/15 08:56 AM,2,"""Feminino""",16,"""Solteiro(a)""","""Desempregado(a)""","""2""","""3""","""1""","""2""","""0""","""1""","""1""","""3""","""1""","""Ginasial completo / Colegial incompleto (Fundamental completo)"""
20,Caio Morcelli,18/03/15 09:24 AM,03,"""Feminino""",63,"""Casado(a)""","""Do lar""","""1""","""0""","""2""","""0""","""0""","""1""","""0""","""1""","""0""","""Superior completo (Superior completo)"""
21,Angelica Manfroi,18/03/15 02:03 PM,004,"""Feminino""",59,"""Casado(a)""","""Do lar""","""1""","""1""","""1""","""1""","""0""","""1""","""1""","""1""","""0""","""Primário completo / Ginasial incompleto (Até 4a. Série do Fundamental)"""
22,Angelica Manfroi,18/03/15 02:37 PM,005,"""Feminino""",36,"""Casado(a)""","""Emprego informal (PJ ou sem carteira)""","""2""","""1""","""1""","""1""","""0""","""1""","""1""","""1""","""0""","""Analfabeto / Primário incompleto (Analfabeto ou até 3a. Série do Fundamental)"""
23,Angelica Manfroi,18/03/15 03:02 PM,006,"""Feminino""",45,"""Solteiro(a)""","""Emprego informal (PJ ou sem carteira)""","""2""","""0""","""1""","""0""","""0""","""0""","""1""","""1""","""1""","""Analfabeto / Primário incompleto (Analfabeto ou até 3a. Série do Fundamental)"""
24,Angelica Manfroi,18/03/15 03:24 PM,007,"""Feminino""",72,"""Viúvo(a)""","""Aposentado(a)""","""1""","""0""","""1""","""1""","""0""","""1""","""1""","""1""","""0""","""Analfabeto / Primário incompleto (Analfabeto ou até 3a. Série do Fundamental)"""
25,Caio Morcelli,20/03/15 02:32 PM,04,"""Feminino""",67,"""Viúvo(a)""","""Desempregado(a)""","""1""","""0""","""1""","""1""","""0""","""1""","""0""","""1""","""1""","""Primário completo / Ginasial incompleto (Até 4a. Série do Fundamental)"""
26,Caio Morcelli,20/03/15 03:11 PM,05,"""Feminino""",48,"""Casado(a)""","""Empregado formal (CLT ou estatutário)(a)""","""1""","""1""","""1""","""0""","""0""","""1""","""0""","""1""","""0""","""Primário completo / Ginasial incompleto (Até 4a. Série do Fundamental)"""
27,Caio Morcelli,20/03/15 03:36 PM,06,"""Feminino""",67,"""Casado(a)""","""Aposentado(a)""","""3""","""1""","""1""","""0""","""0""","""2""","""1""","""1""","""0""","""Analfabeto / Primário incompleto (Analfabeto ou até 3a. Série do Fundamental)"""
28,Caio Morcelli,20/03/15 03:58 PM,07,"""Feminino""",50,"""Solteiro(a)""","""Empregado formal (CLT ou estatutário)(a)""","""1""","""1""","""1""","""1""","""0""","""0""","""0""","""1""","""0""","""Colegial completo / Superior incompleto (Médio completo)"""
29,Caio Morcelli,20/03/15 04:25 PM,08,"""Masculino""",54,"""Casado(a)""","""Empregado formal (CLT ou estatutário)(a)""","""0""","""0""","""1""","""1""","""0""","""1""","""0""","""1""","""0""","""Colegial completo / Superior incompleto (Médio completo)"""
30,Dave Oliver,21/03/15 09:54 PM,2,"""Masculino""",28,"""Casado(a)""","""Emprego informal (PJ ou sem carteira)""","""3""","""2""","""3""","""1""","""2""","""2""","""2""","""3""","""1""","""Superior completo (Superior completo)"""
31,Anna Carolina Alves,23/03/15 09:28 AM,14,"""Feminino""",26,"""Amaziado(a)/União estável""","""Empregado formal (CLT ou estatutário)(a)""","""2""","""0""","""1""","""0""","""0""","""0""","""0""","""1""","""0""","""Ginasial completo / Colegial incompleto (Fundamental completo)"""
32,Anna Carolina Alves,23/03/15 09:41 AM,15,"""Feminino""",37,"""Solteiro(a)""","""Emprego informal (PJ ou sem carteira)""","""3""","""1""","""2""","""0""","""0""","""1""","""1""","""1""","""0""","""Primário completo / Ginasial incompleto (Até 4a. Série do Fundamental)"""
33,Anna Carolina Alves,23/03/15 09:57 AM,16,"""Feminino""",32,""" Separado(a)/Divorciado(a)""","""Empregado formal (CLT ou estatutário)(a)""","""2""","""1""","""1""","""0""","""0""","""1""","""1""","""1""","""0""","""Colegial completo / Superior incompleto (Médio completo)"""
34,Anna Carolina Alves,23/03/15 10:10 AM,17,"""Feminino""",39,""" Separado(a)/Divorciado(a)""","""Empregado formal (CLT ou estatutário)(a)""","""1""","""1""","""1""","""0""","""0""","""1""","""1""","""1""","""0""","""Colegial completo / Superior incompleto (Médio completo)"""
35,Angelica Manfroi,23/03/15 01:56 PM,008,"""Feminino""",27,"""Solteiro(a)""","""Emprego informal (PJ ou sem carteira)""","""3""","""1""","""2""","""1""","""0""","""1""","""1""","""1""","""1""","""Superior completo (Superior completo)"""
36,Angelica Manfroi,23/03/15 02:30 PM,009,"""Masculino""",27,"""Solteiro(a)""","""Emprego informal (PJ ou sem carteira)""","""2""","""0""","""1""","""0""","""0""","""1""","""1""","""1""","""0""","""Colegial completo / Superior incompleto (Médio completo)"""
37,Angelica Manfroi,23/03/15 02:56 PM,010,"""Feminino""",21,"""Solteiro(a)""","""Empregado formal (CLT ou estatutário)(a)""","""1""","""1""","""1""","""1""","""0""","""1""","""1""","""1""","""0""","""Colegial completo / Superior incompleto (Médio completo)"""
38,Angelica Manfroi,24/03/15 02:00 PM,011,"""Feminino""",42,"""Amaziado(a)/União estável""","""Do lar""","""2""","""0""","""1""","""1""","""0""","""1""","""1""","""1""","""0""","""Primário completo / Ginasial incompleto (Até 4a. Série do Fundamental)"""
39,Angelica Manfroi,24/03/15 02:17 PM,012,"""Feminino""",18,"""Solteiro(a)""","""Desempregado(a)""","""2""","""1""","""1""","""1""","""0""","""2""","""1""","""1""","""0""","""Colegial completo / Superior incompleto (Médio completo)"""
40,Angelica Manfroi,24/03/15 02:34 PM,013,"""Masculino""",36,"""Casado(a)""","""Aposentado(a)""","""2""","""1""","""1""","""0""","""0""","""1""","""0""","""1""","""0""","""Colegial completo / Superior incompleto (Médio completo)"""
41,Angelica Manfroi,24/03/15 02:49 PM,014,"""Masculino""",29,"""Casado(a)""","""Empregado formal (CLT ou estatutário)(a)""","""2""","""1""","""1""","""0""","""0""","""1""","""1""","""1""","""0""","""Colegial completo / Superior incompleto (Médio completo)"""
42,Angelica Manfroi,24/03/15 03:03 PM,015,"""Feminino""",59,"""Casado(a)""","""Do lar""","""2""","""1""","""2""","""1""","""0""","""1""","""1""","""1""","""0""","""Ginasial completo / Colegial incompleto (Fundamental completo)"""
43,Anna Carolina Alves,25/03/15 09:34 AM,18,"""Feminino""",39,"""Amaziado(a)/União estável""","""Empregado formal (CLT ou estatutário)(a)""","""2""","""0""","""2""","""1""","""0""","""1""","""1""","""1""","""1""","""Colegial completo / Superior incompleto (Médio completo)"""
44,Anna Carolina Alves,25/03/15 09:47 AM,19,"""Feminino""",60,"""Viúvo(a)""","""Emprego informal (PJ ou sem carteira)""","""2""","""1""","""1""","""0""","""0""","""1""","""1""","""1""","""0""","""Primário completo / Ginasial incompleto (Até 4a. Série do Fundamental)"""
45,Anna Carolina Alves,25/03/15 10:01 AM,20,"""Feminino""",43,"""Solteiro(a)""","""Empregado formal (CLT ou estatutário)(a)""","""2""","""1""","""1""","""0""","""0""","""1""","""2""","""1""","""0""","""Colegial completo / Superior incompleto (Médio completo)"""
46,Anna Carolina Alves,25/03/15 10:17 AM,21,"""Feminino""",23,"""Solteiro(a)""","""Empregado formal (CLT ou estatutário)(a)""","""1""","""1""","""2""","""1""","""0""","""1""","""1""","""1""","""0""","""Ginasial completo / Colegial incompleto (Fundamental completo)"""
47,Anna Carolina Alves,25/03/15 10:32 AM,22,"""Feminino""",35,"""Solteiro(a)""","""Emprego informal (PJ ou sem carteira)""","""4 ou +""","""1""","""2""","""1""","""0""","""1""","""1""","""2""","""0""","""Superior completo (Superior completo)"""
48,Angelica Manfroi,27/03/15 08:52 AM,016,"""Feminino""",51,"""Solteiro(a)""","""Emprego informal (PJ ou sem carteira)""","""2""","""2""","""1""","""1""","""0""","""1""","""1""","""1""","""1""","""Primário completo / Ginasial incompleto (Até 4a. Série do Fundamental)"""
49,Angelica Manfroi,27/03/15 09:11 AM,017,"""Feminino""",31,"""Solteiro(a)""","""Do lar""","""1""","""0""","""1""","""0""","""0""","""1""","""0""","""1""","""0""","""Primário completo / Ginasial incompleto (Até 4a. Série do Fundamental)"""
50,Angelica Manfroi,27/03/15 09:24 AM,018,"""Feminino""",35,"""Solteiro(a)""","""Do lar""","""2""","""0""","""1""","""0""","""0""","""1""","""1""","""1""","""0""","""Primário completo / Ginasial incompleto (Até 4a. Série do Fundamental)"""
51,Angelica Manfroi,27/03/15 09:40 AM,019,"""Feminino""",75,"""Viúvo(a)""","""Aposentado(a)""","""2""","""0""","""1""","""1""","""0""","""1""","""0""","""1""","""0""","""Colegial completo / Superior incompleto (Médio completo)"""
52,Angelica Manfroi,27/03/15 09:57 AM,020,"""Feminino""",50,"""Casado(a)""","""Empregado formal (CLT ou estatutário)(a)""","""2""","""1""","""1""","""0""","""0""","""1""","""2""","""1""","""1""","""Colegial completo / Superior incompleto (Médio completo)"""
53,Caio Morcelli,30/03/15 08:37 AM,09,"""Feminino""",55,""" Separado(a)/Divorciado(a)""","""Desempregado(a)""","""1""","""1""","""1""","""0""","""0""","""1""","""0""","""1""","""1""","""Colegial completo / Superior incompleto (Médio completo)"""
54,Caio Morcelli,30/03/15 09:05 AM,10,"""Feminino""",51,"""Amaziado(a)/União estável""","""Empregado formal (CLT ou estatutário)(a)""","""1""","""1""","""1""","""1""","""0""","""1""","""1""","""1""","""0""","""Ginasial completo / Colegial incompleto (Fundamental completo)"""
55,Caio Morcelli,30/03/15 09:28 AM,11,"""Feminino""",33,"""Casado(a)""","""Empregado formal (CLT ou estatutário)(a)""","""1""","""1""","""1""","""1""","""0""","""1""","""1""","""1""","""0""","""Colegial completo / Superior incompleto (Médio completo)"""
56,Anna Carolina Alves,30/03/15 09:48 AM,23,"""Feminino""",51,"""Casado(a)""","""Emprego informal (PJ ou sem carteira)""","""1""","""0""","""1""","""1""","""0""","""1""","""1""","""1""","""0""","""Colegial completo / Superior incompleto (Médio completo)"""
57,Caio Morcelli,30/03/15 09:50 AM,12,"""Masculino""",61,"""Amaziado(a)/União estável""","""Aposentado(a)""","""2""","""1""","""2""","""0""","""0""","""1""","""1""","""1""","""0""","""Colegial completo / Superior incompleto (Médio completo)"""
58,Anna Carolina Alves,30/03/15 10:08 AM,24,"""Feminino""",65,"""Casado(a)""","""Do lar""","""2""","""1""","""1""","""0""","""0""","""1""","""1""","""1""","""0""","""Ginasial completo / Colegial incompleto (Fundamental completo)"""
59,Caio Morcelli,30/03/15 10:09 AM,13,"""Feminino""",34,"""Amaziado(a)/União estável""","""Empregado formal (CLT ou estatutário)(a)""","""1""","""2""","""1""","""0""","""0""","""1""","""1""","""1""","""0""","""Ginasial completo / Colegial incompleto (Fundamental completo)"""
60,Anna Carolina Alves,30/03/15 10:30 AM,25,"""Feminino""",63,"""Casado(a)""","""Do lar""","""1""","""0""","""1""","""0""","""0""","""1""","""0""","""1""","""0""","""Ginasial completo / Colegial incompleto (Fundamental completo)"""
61,Anna Carolina Alves,30/03/15 10:45 AM,26,"""Feminino""",30,"""Amaziado(a)/União estável""","""Do lar""","""4 ou +""","""2""","""2""","""0""","""0""","""1""","""2""","""2""","""0""","""Ginasial completo / Colegial incompleto (Fundamental completo)"""
62,Anna Carolina Alves,31/03/15 10:14 AM,27,"""Feminino""",23,"""Solteiro(a)""","""Desempregado(a)""","""2""","""1""","""1""","""0""","""0""","""1""","""1""","""1""","""1""","""Colegial completo / Superior incompleto (Médio completo)"""
63,Anna Carolina Alves,31/03/15 10:30 AM,28,"""Feminino""",31,"""Casado(a)""","""Empregado formal (CLT ou estatutário)(a)""","""2""","""0""","""1""","""0""","""0""","""1""","""2""","""1""","""0""","""Primário completo / Ginasial incompleto (Até 4a. Série do Fundamental)"""
64,Caio Morcelli,31/03/15 01:54 PM,14,"""Feminino""",36,"""Casado(a)""","""Empregado formal (CLT ou estatutário)(a)""","""2""","""1""","""1""","""1""","""0""","""1""","""1""","""1""","""0""","""Superior completo (Superior completo)"""
65,Angelica Manfroi,31/03/15 02:10 PM,021,"""Feminino""",24,"""Solteiro(a)""","""Do lar""","""1""","""0""","""1""","""0""","""0""","""1""","""1""","""1""","""0""","""Colegial completo / Superior incompleto (Médio completo)"""
66,Caio Morcelli,31/03/15 02:20 PM,15,"""Masculino""",33,"""Amaziado(a)/União estável""","""Desempregado(a)""","""1""","""1""","""1""","""0""","""0""","""1""","""1""","""1""","""0""","""Ginasial completo / Colegial incompleto (Fundamental completo)"""
67,Angelica Manfroi,31/03/15 02:25 PM,022,"""Masculino""",65,"""Casado(a)""","""Empregado formal (CLT ou estatutário)(a)""","""2""","""2""","""1""","""0""","""0""","""1""","""0""","""1""","""0""","""Analfabeto / Primário incompleto (Analfabeto ou até 3a. Série do Fundamental)"""
68,Caio Morcelli,31/03/15 02:44 PM,16,"""Masculino""",53,"""Casado(a)""","""Aposentado(a)""","""1""","""1""","""1""","""1""","""0""","""1""","""1""","""1""","""0""","""Colegial completo / Superior incompleto (Médio completo)"""
69,Caio Morcelli,31/03/15 03:18 PM,17,"""Masculino""",19,"""Solteiro(a)""","""Empregado formal (CLT ou estatutário)(a)""","""2""","""2""","""1""","""0""","""0""","""1""","""2""","""1""","""0""","""Ginasial completo / Colegial incompleto (Fundamental completo)"""
70,Caio Morcelli,31/03/15 03:39 PM,18,"""Feminino""",67,"""Viúvo(a)""","""Aposentado(a)""","""2""","""1""","""1""","""0""","""0""","""1""","""0""","""1""","""0""","""Primário completo / Ginasial incompleto (Até 4a. Série do Fundamental)"""
71,Anna Carolina Alves,02/04/15 09:52 AM,29,"""Feminino""",38,"""Casado(a)""","""Do lar""","""1""","""1""","""1""","""0""","""0""","""1""","""1""","""1""","""0""","""Colegial completo / Superior incompleto (Médio completo)"""
72,Anna Carolina Alves,02/04/15 10:05 AM,30,"""Feminino""",22,"""Amaziado(a)/União estável""","""Desempregado(a)""","""2""","""1""","""1""","""0""","""0""","""1""","""1""","""1""","""0""","""Primário completo / Ginasial incompleto (Até 4a. Série do Fundamental)"""
73,Anna Carolina Alves,02/04/15 10:20 AM,31,"""Feminino""",47,"""Casado(a)""","""Empregado formal (CLT ou estatutário)(a)""","""1""","""1""","""1""","""1""","""0""","""1""","""0""","""1""","""0""","""Analfabeto / Primário incompleto (Analfabeto ou até 3a. Série do Fundamental)"""
74,Anna Carolina Alves,06/04/15 12:58 PM,29,"""Feminino""",27,"""Casado(a)""","""Empregado formal (CLT ou estatutário)(a)""","""2""","""1""","""2""","""2""","""0""","""1""","""1""","""1""","""0""","""Colegial completo / Superior incompleto (Médio completo)"""
75,Anna Carolina Alves,06/04/15 01:13 PM,30,"""Feminino""",35,"""Amaziado(a)/União estável""","""Do lar""","""2""","""1""","""1""","""1""","""0""","""1""","""1""","""1""","""0""","""Ginasial completo / Colegial incompleto (Fundamental completo)"""
76,Anna Carolina Alves,06/04/15 01:37 PM,3,"""Feminino""",19,"""Amaziado(a)/União estável""","""Empregado formal (CLT ou estatutário)(a)""","""2""","""1""","""1""","""0""","""0""","""1""","""1""","""1""","""0""","""Colegial completo / Superior incompleto (Médio completo)"""
77,Angelica Manfroi,06/04/15 02:06 PM,023,"""Feminino""",22,"""Solteiro(a)""","""Empregado formal (CLT ou estatutário)(a)""","""2""","""1""","""2""","""1""","""0""","""1""","""1""","""1""","""0""","""Colegial completo / Superior incompleto (Médio completo)"""
78,Angelica Manfroi,06/04/15 02:24 PM,024,"""Feminino""",35,"""Solteiro(a)""","""Do lar""","""1""","""0""","""1""","""0""","""0""","""0""","""1""","""1""","""1""","""Colegial completo / Superior incompleto (Médio completo)"""
79,Angelica Manfroi,06/04/15 02:42 PM,025,"""Feminino""",20,"""Solteiro(a)""","""Do lar""","""2""","""1""","""1""","""0""","""0""","""1""","""1""","""1""","""1""","""Colegial completo / Superior incompleto (Médio completo)"""
80,Angelica Manfroi,06/04/15 02:53 PM,026,"""Feminino""",35,"""Casado(a)""","""Desempregado(a)""","""1""","""1""","""1""","""0""","""0""","""1""","""1""","""1""","""0""","""Colegial completo / Superior incompleto (Médio completo)"""
81,Angelica Manfroi,06/04/15 03:07 PM,027,"""Masculino""",36,"""Casado(a)""","""Desempregado(a)""","""2""","""1""","""1""","""0""","""0""","""1""","""0""","""1""","""0""","""Primário completo / Ginasial incompleto (Até 4a. Série do Fundamental)"""
82,Angelica Manfroi,07/04/15 09:21 AM,028,"""Feminino""",51,"""Solteiro(a)""","""Do lar""","""2""","""0""","""1""","""1""","""0""","""1""","""1""","""1""","""0""","""Analfabeto / Primário incompleto (Analfabeto ou até 3a. Série do Fundamental)"""
83,Angelica Manfroi,07/04/15 09:49 AM,029,"""Feminino""",86,"""Viúvo(a)""","""Aposentado(a)""","""2""","""1""","""1""","""1""","""0""","""1""","""0""","""1""","""1""","""Colegial completo / Superior incompleto (Médio completo)"""
84,Angelica Manfroi,07/04/15 10:04 AM,030,"""Masculino""",59,"""Casado(a)""","""Emprego informal (PJ ou sem carteira)""","""2""","""1""","""2""","""1""","""0""","""1""","""0""","""1""","""1""","""Colegial completo / Superior incompleto (Médio completo)"""
85,Angelica Manfroi,07/04/15 10:19 AM,031,"""Masculino""",62,"""Casado(a)""","""Aposentado(a)""","""2""","""1""","""2""","""1""","""0""","""1""","""0""","""1""","""1""","""Primário completo / Ginasial incompleto (Até 4a. Série do Fundamental)"""
86,Angelica Manfroi,07/04/15 10:39 AM,032,"""Masculino""",24,"""Casado(a)""","""Desempregado(a)""","""1""","""0""","""1""","""0""","""0""","""1""","""1""","""1""","""1""","""Colegial completo / Superior incompleto (Médio completo)"""
87,Angelica Manfroi,07/04/15 01:47 PM,033,"""Feminino""",29,"""Casado(a)""","""Do lar""","""3""","""1""","""1""","""0""","""0""","""1""","""2""","""1""","""0""","""Ginasial completo / Colegial incompleto (Fundamental completo)"""
88,Caio Morcelli,07/04/15 01:54 PM,19,"""Feminino""",40,"""Amaziado(a)/União estável""","""Emprego informal (PJ ou sem carteira)""","""2""","""1""","""1""","""1""","""0""","""1""","""1""","""1""","""0""","""Primário completo / Ginasial incompleto (Até 4a. Série do Fundamental)"""
89,Angelica Manfroi,07/04/15 02:07 PM,034,"""Feminino""",66,"""Viúvo(a)""","""Aposentado(a)""","""2""","""0""","""2""","""0""","""0""","""1""","""0""","""1""","""1""","""Colegial completo / Superior incompleto (Médio completo)"""
90,Caio Morcelli,07/04/15 02:15 PM,20,"""Feminino""",42,"""Casado(a)""","""Emprego informal (PJ ou sem carteira)""","""2""","""0""","""1""","""1""","""0""","""1""","""1""","""1""","""0""","""Ginasial completo / Colegial incompleto (Fundamental completo)"""
91,Angelica Manfroi,07/04/15 02:23 PM,035,"""Feminino""",38,"""Casado(a)""","""Empregado formal (CLT ou estatutário)(a)""","""1""","""0""","""1""","""0""","""0""","""1""","""1""","""1""","""0""","""Colegial completo / Superior incompleto (Médio completo)"""
92,Caio Morcelli,07/04/15 02:37 PM,21,"""Masculino""",64,"""Casado(a)""","""Desempregado(a)""","""1""","""1""","""1""","""0""","""0""","""0""","""1""","""1""","""0""","""Primário completo / Ginasial incompleto (Até 4a. Série do Fundamental)"""
93,Angelica Manfroi,07/04/15 02:46 PM,036,"""Feminino""",18,"""Solteiro(a)""","""Do lar""","""2""","""1""","""1""","""1""","""0""","""1""","""1""","""1""","""1""","""Ginasial completo / Colegial incompleto (Fundamental completo)"""
94,Caio Morcelli,07/04/15 02:59 PM,22,"""Feminino""",31,"""Amaziado(a)/União estável""","""Empregado formal (CLT ou estatutário)(a)""","""2""","""0""","""2""","""0""","""0""","""1""","""1""","""1""","""0""","""Primário completo / Ginasial incompleto (Até 4a. Série do Fundamental)"""
95,Angelica Manfroi,07/04/15 03:00 PM,037,"""Feminino""",27,"""Casado(a)""","""Empregado formal (CLT ou estatutário)(a)""","""2""","""1""","""1""","""1""","""0""","""1""","""1""","""1""","""1""","""Colegial completo / Superior incompleto (Médio completo)"""
96,Caio Morcelli,07/04/15 03:20 PM,23,"""Feminino""",16,"""Amaziado(a)/União estável""","""Desempregado(a)""","""2""","""1""","""1""","""0""","""0""","""1""","""1""","""1""","""0""","""Primário completo / Ginasial incompleto (Até 4a. Série do Fundamental)"""
97,Caio Morcelli,07/04/15 03:38 PM,24,"""Feminino""",52,"""Casado(a)""","""Empregado formal (CLT ou estatutário)(a)""","""1""","""0""","""1""","""0""","""0""","""1""","""0""","""1""","""0""","""Primário completo / Ginasial incompleto (Até 4a. Série do Fundamental)"""
98,Jacqueline Maximiano Conceicao,08/04/15 09:07 AM,1,"""Masculino""",57,"""Amaziado(a)/União estável""","""Emprego informal (PJ ou sem carteira)""","""1""","""1""","""1""","""0""","""0""","""1""","""1""","""1""","""0""","""Ginasial completo / Colegial incompleto (Fundamental completo)"""
99,Caio Morcelli,08/04/15 09:22 AM,25,"""Feminino""",53,""" Separado(a)/Divorciado(a)""","""Empregado formal (CLT ou estatutário)(a)""","""1""","""0""","""2""","""0""","""0""","""2""","""1""","""2""","""1""","""Ginasial completo / Colegial incompleto (Fundamental completo)"""
100,Jacqueline Maximiano Conceicao,08/04/15 09:23 AM,2,"""Feminino""",47,"""Casado(a)""","""Emprego informal (PJ ou sem carteira)""","""1""","""1""","""1""","""1""","""0""","""1""","""1""","""1""","""1""","""Colegial completo / Superior incompleto (Médio completo)"""
101,Jacqueline Maximiano Conceicao,08/04/15 09:38 AM,3,"""Feminino""",28,"""Solteiro(a)""","""Empregado formal (CLT ou estatutário)(a)""","""1""","""1""","""1""","""0""","""0""","""1""","""1""","""1""","""0""","""Colegial completo / Superior incompleto (Médio completo)"""
102,Jacqueline Maximiano Conceicao,08/04/15 09:47 AM,4,"""Masculino""",71,""" Separado(a)/Divorciado(a)""","""Aposentado(a)""","""1""","""1""","""1""","""0""","""0""","""1""","""1""","""1""","""0""","""Primário completo / Ginasial incompleto (Até 4a. Série do Fundamental)"""
103,Jacqueline Maximiano Conceicao,08/04/15 09:59 AM,5,"""Feminino""",33,"""Solteiro(a)""","""Empregado formal (CLT ou estatutário)(a)""","""1""","""1""","""1""","""0""","""0""","""1""","""0""","""1""","""0""","""Ginasial completo / Colegial incompleto (Fundamental completo)"""
104,Caio Morcelli,08/04/15 10:07 AM,26,"""Masculino""",71,"""Casado(a)""","""Aposentado(a)""","""2""","""0""","""3""","""0""","""0""","""1""","""1""","""1""","""0""","""Primário completo / Ginasial incompleto (Até 4a. Série do Fundamental)"""
105,Jacqueline Maximiano Conceicao,08/04/15 10:08 AM,6,"""Feminino""",61,""" Separado(a)/Divorciado(a)""","""Do lar""","""1""","""1""","""1""","""0""","""0""","""1""","""1""","""1""","""0""","""Colegial completo / Superior incompleto (Médio completo)"""
106,Jacqueline Maximiano Conceicao,08/04/15 10:22 AM,7,"""Feminino""",53,"""Casado(a)""","""Do lar""","""1""","""1""","""1""","""0""","""0""","""1""","""1""","""1""","""0""","""Ginasial completo / Colegial incompleto (Fundamental completo)"""
107,Jacqueline Maximiano Conceicao,08/04/15 10:44 AM,8,"""Feminino""",70,"""Casado(a)""","""Aposentado(a)""","""1""","""1""","""1""","""1""","""0""","""1""","""0""","""1""","""1""","""Primário completo / Ginasial incompleto (Até 4a. Série do Fundamental)"""
108,Jacqueline Maximiano Conceicao,08/04/15 11:02 AM,9,"""Masculino""",71,"""Casado(a)""","""Aposentado(a)""","""1""","""1""","""1""","""1""","""0""","""1""","""0""","""1""","""0""","""Ginasial completo / Colegial incompleto (Fundamental completo)"""
109,Jacqueline Maximiano Conceicao,08/04/15 11:33 AM,10,"""Masculino""",53,"""Casado(a)""","""Empregado formal (CLT ou estatutário)(a)""","""2""","""1""","""1""","""2""","""0""","""1""","""2""","""1""","""0""","""Ginasial completo / Colegial incompleto (Fundamental completo)"""
110,Angelica Manfroi,09/04/15 09:07 AM,038,"""Feminino""",62,"""Casado(a)""","""Do lar""","""1""","""1""","""1""","""0""","""0""","""1""","""0""","""1""","""0""","""Primário completo / Ginasial incompleto (Até 4a. Série do Fundamental)"""
111,Jacqueline Maximiano Conceicao,09/04/15 09:20 AM,11,"""Feminino""",24,"""Solteiro(a)""","""Empregado formal (CLT ou estatutário)(a)""","""1""","""1""","""1""","""0""","""0""","""1""","""0""","""1""","""1""","""Ginasial completo / Colegial incompleto (Fundamental completo)"""
112,Jacqueline Maximiano Conceicao,09/04/15 09:37 AM,12,"""Feminino""",26,"""Amaziado(a)/União estável""","""Empregado formal (CLT ou estatutário)(a)""","""1""","""0""","""1""","""0""","""0""","""1""","""1""","""1""","""0""","""Colegial completo / Superior incompleto (Médio completo)"""
113,Angelica Manfroi,09/04/15 09:39 AM,039,"""Feminino""",66,"""Viúvo(a)""","""Aposentado(a)""","""1""","""1""","""1""","""0""","""0""","""1""","""0""","""1""","""0""","""Primário completo / Ginasial incompleto (Até 4a. Série do Fundamental)"""
114,Angelica Manfroi,09/04/15 09:52 AM,040,"""Feminino""",35,"""Solteiro(a)""","""Desempregado(a)""","""3""","""1""","""1""","""0""","""0""","""0""","""1""","""1""","""1""","""Primário completo / Ginasial incompleto (Até 4a. Série do Fundamental)"""
115,Jacqueline Maximiano Conceicao,09/04/15 09:56 AM,13,"""Feminino""",29,"""Solteiro(a)""","""Desempregado(a)""","""1""","""0""","""1""","""0""","""0""","""1""","""0""","""1""","""0""","""Colegial completo / Superior incompleto (Médio completo)"""
116,Angelica Manfroi,09/04/15 10:10 AM,041,"""Feminino""",19,"""Solteiro(a)""","""Desempregado(a)""","""2""","""1""","""1""","""0""","""0""","""1""","""2""","""1""","""0""","""Primário completo / Ginasial incompleto (Até 4a. Série do Fundamental)"""
117,Jacqueline Maximiano Conceicao,09/04/15 10:18 AM,14,"""Feminino""",40,"""Casado(a)""","""Do lar""","""2""","""1""","""1""","""1""","""0""","""1""","""1""","""1""","""0""","""Ginasial completo / Colegial incompleto (Fundamental completo)"""
118,Angelica Manfroi,09/04/15 10:28 AM,042,"""Feminino""",20,"""Solteiro(a)""","""Empregado formal (CLT ou estatutário)(a)""","""2""","""1""","""1""","""1""","""0""","""1""","""1""","""1""","""1""","""Colegial completo / Superior incompleto (Médio completo)"""
119,Jacqueline Maximiano Conceicao,09/04/15 10:29 AM,15,"""Feminino""",36,"""Amaziado(a)/União estável""","""Emprego informal (PJ ou sem carteira)""","""1""","""1""","""1""","""0""","""0""","""0""","""1""","""1""","""0""","""Ginasial completo / Colegial incompleto (Fundamental completo)"""
120,Jacqueline Maximiano Conceicao,09/04/15 10:48 AM,16,"""Feminino""",43,"""Casado(a)""","""Do lar""","""2""","""1""","""1""","""1""","""0""","""1""","""1""","""1""","""1""","""Ginasial completo / Colegial incompleto (Fundamental completo)"""
121,Anna Carolina Alves,09/04/15 11:17 AM,35,"""Feminino""",35,"""Casado(a)""","""Do lar""","""1""","""0""","""1""","""0""","""0""","""1""","""1""","""1""","""0""","""Colegial completo / Superior incompleto (Médio completo)"""
122,Anna Carolina Alves,09/04/15 11:36 AM,36,"""Feminino""",31,"""Casado(a)""","""Do lar""","""2""","""1""","""1""","""1""","""0""","""0""","""0""","""1""","""0""","""Primário completo / Ginasial incompleto (Até 4a. Série do Fundamental)"""
123,Anna Carolina Alves,09/04/15 11:49 AM,37,"""Masculino""",32,"""Amaziado(a)/União estável""","""Emprego informal (PJ ou sem carteira)""","""2""","""1""","""2""","""1""","""0""","""1""","""1""","""1""","""0""","""Colegial completo / Superior incompleto (Médio completo)"""
124,Anna Carolina Alves,09/04/15 12:00 PM,38,"""Feminino""",30,"""Amaziado(a)/União estável""","""Empregado formal (CLT ou estatutário)(a)""","""2""","""1""","""1""","""1""","""0""","""1""","""1""","""1""","""0""","""Ginasial completo / Colegial incompleto (Fundamental completo)"""
125,Caio Morcelli,10/04/15 09:51 AM,27,"""Feminino""",47,"""Casado(a)""","""Do lar""","""1""","""1""","""1""","""0""","""0""","""1""","""1""","""1""","""0""","""Primário completo / Ginasial incompleto (Até 4a. Série do Fundamental)"""
126,Caio Morcelli,10/04/15 10:16 AM,28,"""Feminino""",79,"""Viúvo(a)""","""Aposentado(a)""","""3""","""0""","""2""","""2""","""0""","""2""","""3""","""2""","""0""","""Analfabeto / Primário incompleto (Analfabeto ou até 3a. Série do Fundamental)"""
127,Caio Morcelli,10/04/15 10:40 AM,29,"""Feminino""",37,"""Solteiro(a)""","""Empregado formal (CLT ou estatutário)(a)""","""2""","""0""","""3""","""1""","""0""","""0""","""1""","""1""","""0""","""Colegial completo / Superior incompleto (Médio completo)"""
128,Caio Morcelli,10/04/15 11:20 AM,30,"""Feminino""",45,"""Casado(a)""","""Emprego informal (PJ ou sem carteira)""","""2""","""2""","""1""","""1""","""0""","""2""","""2""","""1""","""0""","""Colegial completo / Superior incompleto (Médio completo)"""
129,Caio Morcelli,10/04/15 11:36 AM,31,"""Masculino""",28,"""Solteiro(a)""","""Empregado formal (CLT ou estatutário)(a)""","""4 ou +""","""1""","""3""","""0""","""0""","""2""","""1""","""1""","""1""","""Colegial completo / Superior incompleto (Médio completo)"""
130,Caio Morcelli,10/04/15 11:56 AM,32,"""Feminino""",49,"""Casado(a)""","""Emprego informal (PJ ou sem carteira)""","""1""","""1""","""1""","""0""","""0""","""1""","""1""","""1""","""0""","""Primário completo / Ginasial incompleto (Até 4a. Série do Fundamental)"""
131,Caio Morcelli,10/04/15 12:27 PM,33,"""Feminino""",48,"""Casado(a)""","""Empregado formal (CLT ou estatutário)(a)""","""1""","""1""","""1""","""0""","""0""","""2""","""1""","""1""","""0""","""Primário completo / Ginasial incompleto (Até 4a. Série do Fundamental)"""
132,Caio Morcelli,10/04/15 03:30 PM,34,"""Feminino""",26,"""Amaziado(a)/União estável""","""Empregado formal (CLT ou estatutário)(a)""","""1""","""0""","""1""","""0""","""0""","""1""","""1""","""1""","""0""","""Colegial completo / Superior incompleto (Médio completo)"""
133,Caio Morcelli,10/04/15 04:34 PM,35,"""Masculino""",54,"""Casado(a)""","""Emprego informal (PJ ou sem carteira)""","""2""","""1""","""2""","""2""","""0""","""1""","""1""","""1""","""1""","""Primário completo / Ginasial incompleto (Até 4a. Série do Fundamental)"""
134,Caio Morcelli,10/04/15 05:09 PM,36,"""Feminino""",52,"""Solteiro(a)""","""Emprego informal (PJ ou sem carteira)""","""1""","""1""","""1""","""0""","""0""","""1""","""0""","""1""","""0""","""Primário completo / Ginasial incompleto (Até 4a. Série do Fundamental)"""
135,Anna Carolina Alves,13/04/15 10:06 AM,39,"""Feminino""",63,"""Casado(a)""","""Emprego informal (PJ ou sem carteira)""","""2""","""1""","""1""","""0""","""0""","""1""","""1""","""1""","""0""","""Ginasial completo / Colegial incompleto (Fundamental completo)"""
136,Anna Carolina Alves,13/04/15 10:21 AM,40,"""Masculino""",61,"""Casado(a)""","""Empregado formal (CLT ou estatutário)(a)""","""1""","""1""","""1""","""1""","""0""","""1""","""1""","""1""","""0""","""Colegial completo / Superior incompleto (Médio completo)"""
137,Anna Carolina Alves,13/04/15 10:40 AM,41,"""Feminino""",46,"""Amaziado(a)/União estável""","""Desempregado(a)""","""3""","""3""","""1""","""1""","""0""","""1""","""2""","""1""","""1""","""Colegial completo / Superior incompleto (Médio completo)"""
138,Anna Carolina Alves,13/04/15 10:54 AM,42,"""Feminino""",37,"""Amaziado(a)/União estável""","""Desempregado(a)""","""2""","""1""","""1""","""1""","""0""","""1""","""1""","""1""","""0""","""Colegial completo / Superior incompleto (Médio completo)"""
139,Anna Carolina Alves,13/04/15 11:07 AM,43,"""Feminino""",21,"""Casado(a)""","""Desempregado(a)""","""2""","""0""","""1""","""0""","""0""","""1""","""1""","""1""","""0""","""Colegial completo / Superior incompleto (Médio completo)"""
140,Anna Carolina Alves,14/04/15 12:12 PM,44,"""Feminino""",75,"""Viúvo(a)""","""Aposentado(a)""","""2""","""1""","""2""","""1""","""0""","""1""","""0""","""1""","""0""","""Ginasial completo / Colegial incompleto (Fundamental completo)"""
141,Anna Carolina Alves,14/04/15 12:35 PM,45,"""Feminino""",63,"""Casado(a)""","""Emprego informal (PJ ou sem carteira)""","""1""","""1""","""1""","""0""","""0""","""1""","""1""","""1""","""0""","""Primário completo / Ginasial incompleto (Até 4a. Série do Fundamental)"""
142,Anna Carolina Alves,14/04/15 12:49 PM,46,"""Feminino""",36,"""Casado(a)""","""Do lar""","""2""","""1""","""2""","""1""","""0""","""1""","""1""","""1""","""0""","""Colegial completo / Superior incompleto (Médio completo)"""
143,Caio Morcelli,14/04/15 01:15 PM,37,"""Feminino""",19,"""Solteiro(a)""","""Desempregado(a)""","""2""","""0""","""1""","""0""","""0""","""2""","""2""","""1""","""0""","""Ginasial completo / Colegial incompleto (Fundamental completo)"""
144,Caio Morcelli,14/04/15 01:32 PM,38,"""Feminino""",30,"""Casado(a)""","""Do lar""","""3""","""1""","""1""","""2""","""0""","""1""","""1""","""1""","""0""","""Colegial completo / Superior incompleto (Médio completo)"""
145,Angelica Manfroi,14/04/15 01:55 PM,043,"""Masculino""",67,"""Casado(a)""","""Aposentado(a)""","""1""","""0""","""1""","""1""","""0""","""1""","""0""","""1""","""0""","""Analfabeto / Primário incompleto (Analfabeto ou até 3a. Série do Fundamental)"""
146,Caio Morcelli,14/04/15 02:04 PM,39,"""Feminino""",48,"""Casado(a)""","""Emprego informal (PJ ou sem carteira)""","""2""","""0""","""1""","""1""","""0""","""1""","""1""","""1""","""0""","""Colegial completo / Superior incompleto (Médio completo)"""
147,Angelica Manfroi,14/04/15 02:19 PM,044,"""Feminino""",47,"""Solteiro(a)""","""Empregado formal (CLT ou estatutário)(a)""","""2""","""0""","""2""","""1""","""0""","""0""","""1""","""2""","""0""","""Colegial completo / Superior incompleto (Médio completo)"""
148,Caio Morcelli,14/04/15 02:28 PM,40,"""Feminino""",50,"""Solteiro(a)""","""Empregado formal (CLT ou estatutário)(a)""","""4 ou +""","""2""","""2""","""1""","""0""","""2""","""3""","""1""","""1""","""Colegial completo / Superior incompleto (Médio completo)"""
149,Angelica Manfroi,14/04/15 02:31 PM,045,"""Feminino""",59,""" Separado(a)/Divorciado(a)""","""Aposentado(a)""","""2""","""1""","""2""","""1""","""0""","""1""","""1""","""1""","""1""","""Analfabeto / Primário incompleto (Analfabeto ou até 3a. Série do Fundamental)"""
150,Angelica Manfroi,14/04/15 02:43 PM,046,"""Masculino""",66,"""Casado(a)""","""Emprego informal (PJ ou sem carteira)""","""2""","""0""","""2""","""1""","""0""","""1""","""0""","""1""","""1""","""Primário completo / Ginasial incompleto (Até 4a. Série do Fundamental)"""
151,Angelica Manfroi,14/04/15 02:54 PM,047,"""Feminino""",19,"""Solteiro(a)""","""Emprego informal (PJ ou sem carteira)""","""2""","""2""","""1""","""0""","""0""","""1""","""0""","""1""","""0""","""Colegial completo / Superior incompleto (Médio completo)"""
152,Caio Morcelli,14/04/15 02:59 PM,41,"""Feminino""",48,"""Solteiro(a)""","""Desempregado(a)""","""1""","""0""","""1""","""0""","""0""","""1""","""0""","""1""","""0""","""Primário completo / Ginasial incompleto (Até 4a. Série do Fundamental)"""
153,Caio Morcelli,15/04/15 08:40 AM,42,"""Feminino""",70,"""Viúvo(a)""","""Aposentado(a)""","""1""","""0""","""1""","""0""","""0""","""1""","""0""","""1""","""0""","""Analfabeto / Primário incompleto (Analfabeto ou até 3a. Série do Fundamental)"""
154,Caio Morcelli,15/04/15 09:31 AM,43,"""Masculino""",71,"""Casado(a)""","""Aposentado(a)""","""1""","""1""","""1""","""0""","""0""","""1""","""0""","""1""","""0""","""Ginasial completo / Colegial incompleto (Fundamental completo)"""
155,Caio Morcelli,15/04/15 09:53 AM,44,"""Feminino""",27,"""Solteiro(a)""","""Empregado formal (CLT ou estatutário)(a)""","""3""","""1""","""2""","""0""","""0""","""1""","""1""","""1""","""0""","""Colegial completo / Superior incompleto (Médio completo)"""
156,Jacqueline Maximiano Conceicao,15/04/15 09:54 AM,17,"""Feminino""",33,"""Viúvo(a)""","""Empregado formal (CLT ou estatutário)(a)""","""1""","""1""","""1""","""0""","""0""","""1""","""1""","""1""","""0""","""Colegial completo / Superior incompleto (Médio completo)"""
157,Jacqueline Maximiano Conceicao,15/04/15 10:09 AM,18,"""Feminino""",71,"""Casado(a)""","""Do lar""","""1""","""1""","""1""","""1""","""0""","""1""","""1""","""1""","""0""","""Ginasial completo / Colegial incompleto (Fundamental completo)"""
158,Jacqueline Maximiano Conceicao,15/04/15 10:22 AM,19,"""Feminino""",32,"""Amaziado(a)/União estável""","""Empregado formal (CLT ou estatutário)(a)""","""1""","""1""","""1""","""0""","""0""","""1""","""1""","""1""","""0""","""Ginasial completo / Colegial incompleto (Fundamental completo)"""
159,Jacqueline Maximiano Conceicao,15/04/15 10:34 AM,20,"""Feminino""",25,"""Amaziado(a)/União estável""","""Do lar""","""1""","""1""","""1""","""1""","""0""","""1""","""1""","""1""","""0""","""Primário completo / Ginasial incompleto (Até 4a. Série do Fundamental)"""
160,Jacqueline Maximiano Conceicao,15/04/15 10:42 AM,21,"""Feminino""",27,"""Solteiro(a)""","""Desempregado(a)""","""1""","""1""","""1""","""0""","""0""","""1""","""1""","""1""","""0""","""Colegial completo / Superior incompleto (Médio completo)"""
161,Caio Morcelli,15/04/15 10:46 AM,45,"""Feminino""",56,"""Casado(a)""","""Desempregado(a)""","""3""","""2""","""1""","""1""","""0""","""1""","""2""","""1""","""0""","""Colegial completo / Superior incompleto (Médio completo)"""
162,Jacqueline Maximiano Conceicao,15/04/15 10:54 AM,22,"""Feminino""",39,"""Casado(a)""","""Do lar""","""1""","""1""","""1""","""1""","""0""","""1""","""1""","""1""","""1""","""Ginasial completo / Colegial incompleto (Fundamental completo)"""
163,Jacqueline Maximiano Conceicao,15/04/15 11:08 AM,23,"""Masculino""",47,"""Amaziado(a)/União estável""","""Emprego informal (PJ ou sem carteira)""","""1""","""1""","""1""","""1""","""0""","""1""","""1""","""1""","""0""","""Primário completo / Ginasial incompleto (Até 4a. Série do Fundamental)"""
164,Jacqueline Maximiano Conceicao,16/04/15 08:30 AM,24,"""Masculino""",71,"""Viúvo(a)""","""Aposentado(a)""","""1""","""1""","""1""","""0""","""0""","""1""","""0""","""1""","""0""","""Primário completo / Ginasial incompleto (Até 4a. Série do Fundamental)"""
165,Jacqueline Maximiano Conceicao,16/04/15 08:45 AM,25,"""Feminino""",68,"""Casado(a)""","""Aposentado(a)""","""1""","""0""","""1""","""0""","""0""","""1""","""1""","""1""","""0""","""Ginasial completo / Colegial incompleto (Fundamental completo)"""
166,Jacqueline Maximiano Conceicao,16/04/15 09:09 AM,26,"""Masculino""",42,"""Solteiro(a)""","""Empregado formal (CLT ou estatutário)(a)""","""1""","""1""","""1""","""0""","""0""","""0""","""1""","""1""","""0""","""Primário completo / Ginasial incompleto (Até 4a. Série do Fundamental)"""
167,Jacqueline Maximiano Conceicao,16/04/15 09:21 AM,27,"""Feminino""",47,"""Amaziado(a)/União estável""","""Empregado formal (CLT ou estatutário)(a)""","""1""","""1""","""1""","""0""","""0""","""1""","""1""","""1""","""0""","""Primário completo / Ginasial incompleto (Até 4a. Série do Fundamental)"""
168,Anna Carolina Alves,16/04/15 09:36 AM,47,"""Feminino""",43,""" Separado(a)/Divorciado(a)""","""Empregado formal (CLT ou estatutário)(a)""","""1""","""1""","""1""","""0""","""0""","""1""","""0""","""1""","""0""","""Primário completo / Ginasial incompleto (Até 4a. Série do Fundamental)"""
169,Jacqueline Maximiano Conceicao,16/04/15 09:41 AM,28,"""Feminino""",64,"""Casado(a)""","""Do lar""","""1""","""1""","""1""","""0""","""0""","""1""","""1""","""1""","""0""","""Primário completo / Ginasial incompleto (Até 4a. Série do Fundamental)"""
170,Anna Carolina Alves,16/04/15 09:53 AM,48,"""Feminino""",33,"""Casado(a)""","""Empregado formal (CLT ou estatutário)(a)""","""2""","""1""","""2""","""1""","""0""","""1""","""1""","""1""","""0""","""Colegial completo / Superior incompleto (Médio completo)"""
171,Jacqueline Maximiano Conceicao,16/04/15 09:54 AM,29,"""Feminino""",43,"""Casado(a)""","""Do lar""","""1""","""1""","""1""","""0""","""1""","""1""","""1""","""1""","""0""","""Ginasial completo / Colegial incompleto (Fundamental completo)"""
172,Jacqueline Maximiano Conceicao,16/04/15 10:08 AM,30,"""Masculino""",64,"""Casado(a)""","""Aposentado(a)""","""1""","""1""","""1""","""0""","""0""","""1""","""0""","""1""","""0""","""Ginasial completo / Colegial incompleto (Fundamental completo)"""
173,Anna Carolina Alves,16/04/15 10:08 AM,49,"""Feminino""",30,"""Casado(a)""","""Empregado formal (CLT ou estatutário)(a)""","""2""","""1""","""1""","""0""","""0""","""1""","""1""","""1""","""0""","""Ginasial completo / Colegial incompleto (Fundamental completo)"""
174,Jacqueline Maximiano Conceicao,16/04/15 10:19 AM,31,"""Masculino""",59,"""Casado(a)""","""Emprego informal (PJ ou sem carteira)""","""1""","""1""","""1""","""0""","""0""","""1""","""0""","""1""","""0""","""Primário completo / Ginasial incompleto (Até 4a. Série do Fundamental)"""
175,Anna Carolina Alves,16/04/15 10:26 AM,50,"""Feminino""",28,"""Casado(a)""","""Empregado formal (CLT ou estatutário)(a)""","""3""","""2""","""1""","""1""","""0""","""1""","""2""","""2""","""0""","""Colegial completo / Superior incompleto (Médio completo)"""
176,Jacqueline Maximiano Conceicao,16/04/15 10:36 AM,32,"""Feminino""",63,"""Casado(a)""","""Do lar""","""1""","""1""","""1""","""0""","""1""","""1""","""1""","""1""","""0""","""Primário completo / Ginasial incompleto (Até 4a. Série do Fundamental)"""
177,Anna Carolina Alves,16/04/15 10:51 AM,51,"""Feminino""",18,"""Solteiro(a)""","""Emprego informal (PJ ou sem carteira)""","""2""","""1""","""1""","""0""","""0""","""1""","""1""","""1""","""0""","""Colegial completo / Superior incompleto (Médio completo)"""
178,Jacqueline Maximiano Conceicao,16/04/15 10:52 AM,33,"""Feminino""",47,"""Amaziado(a)/União estável""","""Emprego informal (PJ ou sem carteira)""","""1""","""1""","""1""","""1""","""0""","""1""","""1""","""1""","""0""","""Ginasial completo / Colegial incompleto (Fundamental completo)"""
179,Anna Carolina Alves,16/04/15 11:15 AM,52,"""Feminino""",19,"""Solteiro(a)""","""Desempregado(a)""","""2""","""0""","""1""","""0""","""0""","""1""","""1""","""1""","""0""","""Colegial completo / Superior incompleto (Médio completo)"""
180,Jacqueline Maximiano Conceicao,16/04/15 11:17 AM,34,"""Feminino""",32,"""Amaziado(a)/União estável""","""Desempregado(a)""","""1""","""1""","""1""","""0""","""0""","""1""","""1""","""1""","""0""","""Colegial completo / Superior incompleto (Médio completo)"""
181,Jacqueline Maximiano Conceicao,16/04/15 11:31 AM,35,"""Feminino""",31,"""Solteiro(a)""","""Desempregado(a)""","""1""","""1""","""1""","""0""","""0""","""0""","""0""","""1""","""0""","""Colegial completo / Superior incompleto (Médio completo)"""
182,Jacqueline Maximiano Conceicao,16/04/15 11:56 AM,36,"""Feminino""",36,"""Casado(a)""","""Do lar""","""2""","""1""","""1""","""1""","""0""","""1""","""0""","""1""","""0""","""Ginasial completo / Colegial incompleto (Fundamental completo)"""
183,Jacqueline Maximiano Conceicao,16/04/15 12:13 PM,37,"""Feminino""",35,"""Amaziado(a)/União estável""","""Empregado formal (CLT ou estatutário)(a)""","""2""","""1""","""1""","""0""","""0""","""1""","""1""","""1""","""0""","""Ginasial completo / Colegial incompleto (Fundamental completo)"""
184,Jacqueline Maximiano Conceicao,16/04/15 12:28 PM,38,"""Feminino""",29,"""Solteiro(a)""","""Empregado formal (CLT ou estatutário)(a)""","""1""","""1""","""1""","""0""","""0""","""1""","""0""","""1""","""0""","""Colegial completo / Superior incompleto (Médio completo)"""
185,Jacqueline Maximiano Conceicao,16/04/15 12:51 PM,39,"""Feminino""",31,"""Amaziado(a)/União estável""","""Desempregado(a)""","""1""","""1""","""1""","""0""","""0""","""1""","""1""","""1""","""0""","""Colegial completo / Superior incompleto (Médio completo)"""
186,Angelica Manfroi,17/04/15 08:43 AM,048,"""Feminino""",64,"""Viúvo(a)""","""Aposentado(a)""","""2""","""1""","""2""","""0""","""0""","""1""","""1""","""1""","""1""","""Colegial completo / Superior incompleto (Médio completo)"""
187,Angelica Manfroi,17/04/15 09:04 AM,049,"""Masculino""",48,"""Solteiro(a)""","""Empregado formal (CLT ou estatutário)(a)""","""2""","""1""","""2""","""0""","""0""","""1""","""1""","""1""","""0""","""Primário completo / Ginasial incompleto (Até 4a. Série do Fundamental)"""
188,Angelica Manfroi,17/04/15 09:19 AM,050,"""Feminino""",33,""" Separado(a)/Divorciado(a)""","""Empregado formal (CLT ou estatutário)(a)""","""2""","""0""","""1""","""0""","""0""","""1""","""0""","""1""","""1""","""Ginasial completo / Colegial incompleto (Fundamental completo)"""
189,Jacqueline Maximiano Conceicao,17/04/15 09:27 AM,40,"""Masculino""",46,"""Solteiro(a)""","""Emprego informal (PJ ou sem carteira)""","""1""","""1""","""1""","""0""","""0""","""1""","""1""","""1""","""0""","""Ginasial completo / Colegial incompleto (Fundamental completo)"""
190,Jacqueline Maximiano Conceicao,17/04/15 09:40 AM,41,"""Feminino""",42,"""Casado(a)""","""Empregado formal (CLT ou estatutário)(a)""","""1""","""1""","""1""","""0""","""0""","""1""","""1""","""1""","""0""","""Colegial completo / Superior incompleto (Médio completo)"""
191,Angelica Manfroi,17/04/15 09:42 AM,051,"""Feminino""",79,"""Viúvo(a)""","""Aposentado(a)""","""2""","""1""","""1""","""0""","""0""","""1""","""1""","""2""","""0""","""Primário completo / Ginasial incompleto (Até 4a. Série do Fundamental)"""
192,Jacqueline Maximiano Conceicao,17/04/15 09:57 AM,42,"""Feminino""",33,"""Amaziado(a)/União estável""","""Emprego informal (PJ ou sem carteira)""","""1""","""1""","""1""","""0""","""0""","""1""","""1""","""1""","""0""","""Colegial completo / Superior incompleto (Médio completo)"""
193,Angelica Manfroi,17/04/15 09:57 AM,052,"""Feminino""",21,"""Solteiro(a)""","""Empregado formal (CLT ou estatutário)(a)""","""2""","""1""","""1""","""0""","""0""","""1""","""2""","""1""","""1""","""Analfabeto / Primário incompleto (Analfabeto ou até 3a. Série do Fundamental)"""
194,Jacqueline Maximiano Conceicao,17/04/15 10:19 AM,43,"""Feminino""",62,"""Amaziado(a)/União estável""","""Do lar""","""1""","""1""","""1""","""0""","""0""","""1""","""1""","""1""","""0""","""Primário completo / Ginasial incompleto (Até 4a. Série do Fundamental)"""
195,Jacqueline Maximiano Conceicao,17/04/15 10:46 AM,44,"""Feminino""",37,"""Amaziado(a)/União estável""","""Empregado formal (CLT ou estatutário)(a)""","""1""","""1""","""1""","""0""","""0""","""1""","""1""","""1""","""0""","""Ginasial completo / Colegial incompleto (Fundamental completo)"""
196,Jacqueline Maximiano Conceicao,17/04/15 10:58 AM,45,"""Feminino""",27,"""Casado(a)""","""Empregado formal (CLT ou estatutário)(a)""","""1""","""1""","""1""","""0""","""0""","""1""","""1""","""1""","""0""","""Superior completo (Superior completo)"""
197,Jacqueline Maximiano Conceicao,17/04/15 11:15 AM,46,"""Feminino""",39,"""Casado(a)""","""Do lar""","""1""","""1""","""1""","""0""","""0""","""1""","""1""","""1""","""0""","""Colegial completo / Superior incompleto (Médio completo)"""
198,Jacqueline Maximiano Conceicao,17/04/15 11:31 AM,47,"""Feminino""",43,"""Casado(a)""","""Do lar""","""1""","""1""","""2""","""1""","""0""","""1""","""1""","""1""","""0""","""Colegial completo / Superior incompleto (Médio completo)"""
199,Jacqueline Maximiano Conceicao,17/04/15 11:55 AM,48,"""Feminino""",48,""" Separado(a)/Divorciado(a)""","""Do lar""","""1""","""1""","""1""","""0""","""0""","""1""","""1""","""1""","""1""","""Colegial completo / Superior incompleto (Médio completo)"""
200,Jacqueline Maximiano Conceicao,17/04/15 12:13 PM,49,"""Feminino""",31,"""Solteiro(a)""","""Empregado formal (CLT ou estatutário)(a)""","""1""","""0""","""1""","""0""","""0""","""1""","""1""","""1""","""0""","""Colegial completo / Superior incompleto (Médio completo)"""
201,Jacqueline Maximiano Conceicao,17/04/15 12:27 PM,50,"""Feminino""",42,"""Casado(a)""","""Desempregado(a)""","""1""","""1""","""1""","""0""","""0""","""1""","""1""","""1""","""0""","""Primário completo / Ginasial incompleto (Até 4a. Série do Fundamental)"""
202,Jacqueline Maximiano Conceicao,17/04/15 12:43 PM,51,"""Feminino""",23,"""Solteiro(a)""","""Empregado formal (CLT ou estatutário)(a)""","""2""","""1""","""1""","""1""","""0""","""1""","""1""","""1""","""0""","""Ginasial completo / Colegial incompleto (Fundamental completo)"""
203,Jacqueline Maximiano Conceicao,17/04/15 12:56 PM,52,"""Feminino""",29,"""Amaziado(a)/União estável""","""Desempregado(a)""","""1""","""0""","""1""","""0""","""0""","""0""","""1""","""1""","""0""","""Ginasial completo / Colegial incompleto (Fundamental completo)"""
204,Caio Morcelli,17/04/15 01:27 PM,46,"""Masculino""",29,"""Solteiro(a)""","""Emprego informal (PJ ou sem carteira)""","""2""","""0""","""1""","""0""","""0""","""1""","""2""","""2""","""0""","""Primário completo / Ginasial incompleto (Até 4a. Série do Fundamental)"""
205,Caio Morcelli,17/04/15 01:50 PM,47,"""Masculino""",25,"""Solteiro(a)""","""Empregado formal (CLT ou estatutário)(a)""","""2""","""1""","""1""","""0""","""0""","""1""","""2""","""1""","""0""","""Colegial completo / Superior incompleto (Médio completo)"""
206,Caio Morcelli,17/04/15 02:31 PM,48,"""Feminino""",56,""" Separado(a)/Divorciado(a)""","""Aposentado(a)""","""2""","""1""","""2""","""0""","""0""","""1""","""0""","""1""","""1""","""Ginasial completo / Colegial incompleto (Fundamental completo)"""
207,Caio Morcelli,17/04/15 02:51 PM,49,"""Feminino""",54,"""Casado(a)""","""Do lar""","""2""","""1""","""1""","""0""","""0""","""1""","""1""","""1""","""1""","""Colegial completo / Superior incompleto (Médio completo)"""
208,Caio Morcelli,17/04/15 03:32 PM,50,"""Masculino""",39,"""Amaziado(a)/União estável""","""Emprego informal (PJ ou sem carteira)""","""2""","""0""","""1""","""0""","""0""","""1""","""1""","""1""","""0""","""Ginasial completo / Colegial incompleto (Fundamental completo)"""
209,Caio Morcelli,17/04/15 03:51 PM,51,"""Masculino""",50,"""Casado(a)""","""Emprego informal (PJ ou sem carteira)""","""1""","""0""","""1""","""1""","""0""","""1""","""0""","""1""","""0""","""Analfabeto / Primário incompleto (Analfabeto ou até 3a. Série do Fundamental)"""
210,Caio Morcelli,17/04/15 04:18 PM,52,"""Masculino""",45,"""Casado(a)""","""Emprego informal (PJ ou sem carteira)""","""2""","""1""","""1""","""1""","""0""","""1""","""1""","""1""","""0""","""Ginasial completo / Colegial incompleto (Fundamental completo)"""
211,Caio Morcelli,17/04/15 04:49 PM,53,"""Masculino""",55,""" Separado(a)/Divorciado(a)""","""Emprego informal (PJ ou sem carteira)""","""3""","""3""","""1""","""0""","""0""","""2""","""1""","""1""","""0""","""Colegial completo / Superior incompleto (Médio completo)"""
212,Jacqueline Maximiano Conceicao,23/04/15 09:46 AM,53,"""Masculino""",39,""" Separado(a)/Divorciado(a)""","""Empregado formal (CLT ou estatutário)(a)""","""2""","""1""","""1""","""2""","""0""","""1""","""1""","""1""","""1""","""Superior completo (Superior completo)"""
213,Jacqueline Maximiano Conceicao,23/04/15 10:10 AM,54,"""Feminino""",74,"""Viúvo(a)""","""Aposentado(a)""","""1""","""1""","""1""","""0""","""0""","""1""","""1""","""1""","""0""","""Primário completo / Ginasial incompleto (Até 4a. Série do Fundamental)"""
214,Jacqueline Maximiano Conceicao,23/04/15 10:17 AM,55,"""Feminino""",55,"""Casado(a)""","""Aposentado(a)""","""4 ou +""","""0""","""2""","""1""","""0""","""1""","""1""","""1""","""1""","""Colegial completo / Superior incompleto (Médio completo)"""
215,Jacqueline Maximiano Conceicao,23/04/15 10:27 AM,56,"""Feminino""",29,"""Solteiro(a)""","""Desempregado(a)""","""2""","""1""","""1""","""0""","""0""","""0""","""0""","""1""","""0""","""Ginasial completo / Colegial incompleto (Fundamental completo)"""
216,Jacqueline Maximiano Conceicao,27/04/15 10:44 AM,57,"""Masculino""",92,"""Viúvo(a)""","""Aposentado(a)""","""1""","""1""","""1""","""0""","""0""","""1""","""1""","""1""","""1""","""Primário completo / Ginasial incompleto (Até 4a. Série do Fundamental)"""
217,Jacqueline Maximiano Conceicao,27/04/15 10:58 AM,58,"""Feminino""",61,"""Casado(a)""","""Do lar""","""1""","""1""","""1""","""1""","""0""","""1""","""1""","""1""","""1""","""Ginasial completo / Colegial incompleto (Fundamental completo)"""
218,Jacqueline Maximiano Conceicao,27/04/15 11:09 AM,59,"""Masculino""",77,"""Viúvo(a)""","""Aposentado(a)""","""1""","""1""","""1""","""0""","""0""","""0""","""1""","""1""","""1""","""Primário completo / Ginasial incompleto (Até 4a. Série do Fundamental)"""
219,Jacqueline Maximiano Conceicao,27/04/15 11:29 AM,60,"""Masculino""",61,"""Casado(a)""","""Aposentado(a)""","""1""","""1""","""1""","""0""","""0""","""1""","""1""","""1""","""1""","""Ginasial completo / Colegial incompleto (Fundamental completo)"""
220,Jacqueline Maximiano Conceicao,27/04/15 11:42 AM,61,"""Feminino""",60,"""Casado(a)""","""Aposentado(a)""","""1""","""1""","""1""","""1""","""0""","""1""","""1""","""1""","""1""","""Primário completo / Ginasial incompleto (Até 4a. Série do Fundamental)"""
221,Jacqueline Maximiano Conceicao,27/04/15 11:49 AM,62,"""Feminino""",37,"""Casado(a)""","""Emprego informal (PJ ou sem carteira)""","""1""","""1""","""1""","""1""","""0""","""1""","""1""","""1""","""0""","""Ginasial completo / Colegial incompleto (Fundamental completo)"""
222,Jacqueline Maximiano Conceicao,27/04/15 12:04 PM,63,"""Feminino""",57,"""Casado(a)""","""Do lar""","""2""","""0""","""1""","""0""","""0""","""1""","""1""","""1""","""0""","""Ginasial completo / Colegial incompleto (Fundamental completo)"""
223,Jacqueline Maximiano Conceicao,27/04/15 12:23 PM,64,"""Feminino""",66,"""Viúvo(a)""","""Aposentado(a)""","""2""","""1""","""1""","""0""","""0""","""1""","""1""","""1""","""0""","""Primário completo / Ginasial incompleto (Até 4a. Série do Fundamental)"""
224,Jacqueline Maximiano Conceicao,28/04/15 10:24 AM,65,"""Feminino""",75,"""Viúvo(a)""","""Aposentado(a)""","""1""","""1""","""1""","""0""","""0""","""1""","""0""","""1""","""0""","""Primário completo / Ginasial incompleto (Até 4a. Série do Fundamental)"""
225,Jacqueline Maximiano Conceicao,28/04/15 10:36 AM,66,"""Feminino""",23,"""Solteiro(a)""","""Empregado formal (CLT ou estatutário)(a)""","""1""","""1""","""1""","""0""","""0""","""1""","""1""","""1""","""0""","""Colegial completo / Superior incompleto (Médio completo)"""
226,Jacqueline Maximiano Conceicao,28/04/15 10:45 AM,67,"""Feminino""",33,"""Casado(a)""","""Empregado formal (CLT ou estatutário)(a)""","""1""","""1""","""1""","""0""","""0""","""1""","""1""","""1""","""0""","""Ginasial completo / Colegial incompleto (Fundamental completo)"""
227,Jacqueline Maximiano Conceicao,28/04/15 10:58 AM,68,"""Feminino""",46,"""Viúvo(a)""","""Empregado formal (CLT ou estatutário)(a)""","""1""","""1""","""1""","""0""","""0""","""1""","""1""","""1""","""1""","""Ginasial completo / Colegial incompleto (Fundamental completo)"""
228,Jacqueline Maximiano Conceicao,28/04/15 11:19 AM,69,"""Feminino""",57,"""Casado(a)""","""Aposentado(a)""","""1""","""1""","""1""","""1""","""0""","""1""","""1""","""1""","""1""","""Colegial completo / Superior incompleto (Médio completo)"""
229,Jacqueline Maximiano Conceicao,28/04/15 11:47 AM,70,"""Feminino""",59,"""Viúvo(a)""","""Do lar""","""1""","""1""","""1""","""1""","""0""","""1""","""1""","""1""","""1""","""Primário completo / Ginasial incompleto (Até 4a. Série do Fundamental)"""
230,Jacqueline Maximiano Conceicao,28/04/15 12:01 PM,71,"""Feminino""",32,"""Solteiro(a)""","""Desempregado(a)""","""2""","""0""","""1""","""0""","""0""","""1""","""0""","""1""","""1""","""Ginasial completo / Colegial incompleto (Fundamental completo)"""
231,Jacqueline Maximiano Conceicao,28/04/15 12:17 PM,72,"""Feminino""",25,"""Solteiro(a)""","""Empregado formal (CLT ou estatutário)(a)""","""1""","""1""","""1""","""0""","""0""","""1""","""0""","""1""","""0""","""Primário completo / Ginasial incompleto (Até 4a. Série do Fundamental)"""
232,Jacqueline Maximiano Conceicao,28/04/15 12:34 PM,73,"""Masculino""",57,"""Casado(a)""","""Emprego informal (PJ ou sem carteira)""","""2""","""1""","""2""","""1""","""0""","""1""","""0""","""1""","""0""","""Colegial completo / Superior incompleto (Médio completo)"""
233,Jacqueline Maximiano Conceicao,30/04/15 09:14 AM,74,"""Feminino""",29,"""Solteiro(a)""","""Desempregado(a)""","""1""","""1""","""1""","""0""","""0""","""1""","""1""","""1""","""0""","""Ginasial completo / Colegial incompleto (Fundamental completo)"""
234,Jacqueline Maximiano Conceicao,30/04/15 09:25 AM,75,"""Feminino""",22,"""Casado(a)""","""Empregado formal (CLT ou estatutário)(a)""","""1""","""1""","""1""","""0""","""0""","""1""","""1""","""1""","""0""","""Colegial completo / Superior incompleto (Médio completo)"""
235,Jacqueline Maximiano Conceicao,30/04/15 09:33 AM,76,"""Feminino""",34,"""Casado(a)""","""Desempregado(a)""","""2""","""0""","""1""","""0""","""0""","""1""","""1""","""1""","""0""","""Ginasial completo / Colegial incompleto (Fundamental completo)"""
236,Jacqueline Maximiano Conceicao,30/04/15 09:48 AM,77,"""Feminino""",48,"""Casado(a)""","""Do lar""","""2""","""1""","""1""","""1""","""0""","""1""","""1""","""1""","""0""","""Ginasial completo / Colegial incompleto (Fundamental completo)"""
237,Jacqueline Maximiano Conceicao,06/05/15 10:36 AM,78,"""Feminino""",42,"""Solteiro(a)""","""Emprego informal (PJ ou sem carteira)""","""1""","""1""","""1""","""0""","""0""","""1""","""1""","""1""","""0""","""Colegial completo / Superior incompleto (Médio completo)"""
238,Jacqueline Maximiano Conceicao,06/05/15 10:49 AM,79,"""Feminino""",60,""" Separado(a)/Divorciado(a)""","""Empregado formal (CLT ou estatutário)(a)""","""1""","""1""","""1""","""0""","""0""","""1""","""1""","""1""","""0""","""Ginasial completo / Colegial incompleto (Fundamental completo)"""
239,Jacqueline Maximiano Conceicao,06/05/15 11:11 AM,80,"""Masculino""",66,"""Casado(a)""","""Aposentado(a)""","""1""","""1""","""1""","""0""","""0""","""1""","""1""","""1""","""0""","""Ginasial completo / Colegial incompleto (Fundamental completo)"""
240,Jacqueline Maximiano Conceicao,06/05/15 11:23 AM,81,"""Feminino""",50,"""Solteiro(a)""","""Do lar""","""1""","""1""","""1""","""0""","""0""","""1""","""1""","""1""","""0""","""Primário completo / Ginasial incompleto (Até 4a. Série do Fundamental)"""
241,Jacqueline Maximiano Conceicao,06/05/15 11:35 AM,82,"""Feminino""",45,""" Separado(a)/Divorciado(a)""","""Desempregado(a)""","""1""","""1""","""1""","""1""","""0""","""1""","""1""","""1""","""0""","""Colegial completo / Superior incompleto (Médio completo)"""
